plate_key,population,plate,well,temperature
1,25,1,B02,34
1,25,2,B02,34
1,25,3,B02,34
1,25,4,B02,34
1,25,5,B02,34
1,25,6,B02,34
1,25,7,B02,34
1,25,22,B02,40
1,25,23,B02,40
1,25,24,B02,40
1,25,25,B02,40
1,25,26,B02,40
1,25,27,B02,40
1,25,28,B02,40
1,25,43,B02,28
1,25,44,B02,28
1,25,45,B02,28
1,25,46,B02,28
1,25,47,B02,28
1,25,48,B02,28
1,25,49,B02,28
1,25,64,B02,22
1,25,65,B02,22
1,25,66,B02,22
1,25,67,B02,22
1,25,68,B02,22
1,25,69,B02,22
1,25,70,B02,22
1,25,85,B02,16
1,25,86,B02,16
1,25,87,B02,16
1,25,88,B02,16
1,25,89,B02,16
1,25,90,B02,16
1,25,91,B02,16
1,25,106,B02,10
1,25,107,B02,10
1,25,108,B02,10
1,25,109,B02,10
1,25,110,B02,10
1,25,111,B02,10
1,25,112,B02,10
1,19,1,B03,34
1,19,2,B03,34
1,19,3,B03,34
1,19,4,B03,34
1,19,5,B03,34
1,19,6,B03,34
1,19,7,B03,34
1,19,22,B03,40
1,19,23,B03,40
1,19,24,B03,40
1,19,25,B03,40
1,19,26,B03,40
1,19,27,B03,40
1,19,28,B03,40
1,19,43,B03,28
1,19,44,B03,28
1,19,45,B03,28
1,19,46,B03,28
1,19,47,B03,28
1,19,48,B03,28
1,19,49,B03,28
1,19,64,B03,22
1,19,65,B03,22
1,19,66,B03,22
1,19,67,B03,22
1,19,68,B03,22
1,19,69,B03,22
1,19,70,B03,22
1,19,85,B03,16
1,19,86,B03,16
1,19,87,B03,16
1,19,88,B03,16
1,19,89,B03,16
1,19,90,B03,16
1,19,91,B03,16
1,19,106,B03,10
1,19,107,B03,10
1,19,108,B03,10
1,19,109,B03,10
1,19,110,B03,10
1,19,111,B03,10
1,19,112,B03,10
1,14,1,B04,34
1,14,2,B04,34
1,14,3,B04,34
1,14,4,B04,34
1,14,5,B04,34
1,14,6,B04,34
1,14,7,B04,34
1,14,22,B04,40
1,14,23,B04,40
1,14,24,B04,40
1,14,25,B04,40
1,14,26,B04,40
1,14,27,B04,40
1,14,28,B04,40
1,14,43,B04,28
1,14,44,B04,28
1,14,45,B04,28
1,14,46,B04,28
1,14,47,B04,28
1,14,48,B04,28
1,14,49,B04,28
1,14,64,B04,22
1,14,65,B04,22
1,14,66,B04,22
1,14,67,B04,22
1,14,68,B04,22
1,14,69,B04,22
1,14,70,B04,22
1,14,85,B04,16
1,14,86,B04,16
1,14,87,B04,16
1,14,88,B04,16
1,14,89,B04,16
1,14,90,B04,16
1,14,91,B04,16
1,14,106,B04,10
1,14,107,B04,10
1,14,108,B04,10
1,14,109,B04,10
1,14,110,B04,10
1,14,111,B04,10
1,14,112,B04,10
1,8,1,B05,34
1,8,2,B05,34
1,8,3,B05,34
1,8,4,B05,34
1,8,5,B05,34
1,8,6,B05,34
1,8,7,B05,34
1,8,22,B05,40
1,8,23,B05,40
1,8,24,B05,40
1,8,25,B05,40
1,8,26,B05,40
1,8,27,B05,40
1,8,28,B05,40
1,8,43,B05,28
1,8,44,B05,28
1,8,45,B05,28
1,8,46,B05,28
1,8,47,B05,28
1,8,48,B05,28
1,8,49,B05,28
1,8,64,B05,22
1,8,65,B05,22
1,8,66,B05,22
1,8,67,B05,22
1,8,68,B05,22
1,8,69,B05,22
1,8,70,B05,22
1,8,85,B05,16
1,8,86,B05,16
1,8,87,B05,16
1,8,88,B05,16
1,8,89,B05,16
1,8,90,B05,16
1,8,91,B05,16
1,8,106,B05,10
1,8,107,B05,10
1,8,108,B05,10
1,8,109,B05,10
1,8,110,B05,10
1,8,111,B05,10
1,8,112,B05,10
1,23,1,B06,34
1,23,2,B06,34
1,23,3,B06,34
1,23,4,B06,34
1,23,5,B06,34
1,23,6,B06,34
1,23,7,B06,34
1,23,22,B06,40
1,23,23,B06,40
1,23,24,B06,40
1,23,25,B06,40
1,23,26,B06,40
1,23,27,B06,40
1,23,28,B06,40
1,23,43,B06,28
1,23,44,B06,28
1,23,45,B06,28
1,23,46,B06,28
1,23,47,B06,28
1,23,48,B06,28
1,23,49,B06,28
1,23,64,B06,22
1,23,65,B06,22
1,23,66,B06,22
1,23,67,B06,22
1,23,68,B06,22
1,23,69,B06,22
1,23,70,B06,22
1,23,85,B06,16
1,23,86,B06,16
1,23,87,B06,16
1,23,88,B06,16
1,23,89,B06,16
1,23,90,B06,16
1,23,91,B06,16
1,23,106,B06,10
1,23,107,B06,10
1,23,108,B06,10
1,23,109,B06,10
1,23,110,B06,10
1,23,111,B06,10
1,23,112,B06,10
1,11,1,B07,34
1,11,2,B07,34
1,11,3,B07,34
1,11,4,B07,34
1,11,5,B07,34
1,11,6,B07,34
1,11,7,B07,34
1,11,22,B07,40
1,11,23,B07,40
1,11,24,B07,40
1,11,25,B07,40
1,11,26,B07,40
1,11,27,B07,40
1,11,28,B07,40
1,11,43,B07,28
1,11,44,B07,28
1,11,45,B07,28
1,11,46,B07,28
1,11,47,B07,28
1,11,48,B07,28
1,11,49,B07,28
1,11,64,B07,22
1,11,65,B07,22
1,11,66,B07,22
1,11,67,B07,22
1,11,68,B07,22
1,11,69,B07,22
1,11,70,B07,22
1,11,85,B07,16
1,11,86,B07,16
1,11,87,B07,16
1,11,88,B07,16
1,11,89,B07,16
1,11,90,B07,16
1,11,91,B07,16
1,11,106,B07,10
1,11,107,B07,10
1,11,108,B07,10
1,11,109,B07,10
1,11,110,B07,10
1,11,111,B07,10
1,11,112,B07,10
1,anc5,1,B08,34
1,anc5,2,B08,34
1,anc5,3,B08,34
1,anc5,4,B08,34
1,anc5,5,B08,34
1,anc5,6,B08,34
1,anc5,7,B08,34
1,anc5,22,B08,40
1,anc5,23,B08,40
1,anc5,24,B08,40
1,anc5,25,B08,40
1,anc5,26,B08,40
1,anc5,27,B08,40
1,anc5,28,B08,40
1,anc5,43,B08,28
1,anc5,44,B08,28
1,anc5,45,B08,28
1,anc5,46,B08,28
1,anc5,47,B08,28
1,anc5,48,B08,28
1,anc5,49,B08,28
1,anc5,64,B08,22
1,anc5,65,B08,22
1,anc5,66,B08,22
1,anc5,67,B08,22
1,anc5,68,B08,22
1,anc5,69,B08,22
1,anc5,70,B08,22
1,anc5,85,B08,16
1,anc5,86,B08,16
1,anc5,87,B08,16
1,anc5,88,B08,16
1,anc5,89,B08,16
1,anc5,90,B08,16
1,anc5,91,B08,16
1,anc5,106,B08,10
1,anc5,107,B08,10
1,anc5,108,B08,10
1,anc5,109,B08,10
1,anc5,110,B08,10
1,anc5,111,B08,10
1,anc5,112,B08,10
1,1,1,B09,34
1,1,2,B09,34
1,1,3,B09,34
1,1,4,B09,34
1,1,5,B09,34
1,1,6,B09,34
1,1,7,B09,34
1,1,22,B09,40
1,1,23,B09,40
1,1,24,B09,40
1,1,25,B09,40
1,1,26,B09,40
1,1,27,B09,40
1,1,28,B09,40
1,1,43,B09,28
1,1,44,B09,28
1,1,45,B09,28
1,1,46,B09,28
1,1,47,B09,28
1,1,48,B09,28
1,1,49,B09,28
1,1,64,B09,22
1,1,65,B09,22
1,1,66,B09,22
1,1,67,B09,22
1,1,68,B09,22
1,1,69,B09,22
1,1,70,B09,22
1,1,85,B09,16
1,1,86,B09,16
1,1,87,B09,16
1,1,88,B09,16
1,1,89,B09,16
1,1,90,B09,16
1,1,91,B09,16
1,1,106,B09,10
1,1,107,B09,10
1,1,108,B09,10
1,1,109,B09,10
1,1,110,B09,10
1,1,111,B09,10
1,1,112,B09,10
1,cc1629,1,B10,34
1,cc1629,2,B10,34
1,cc1629,3,B10,34
1,cc1629,4,B10,34
1,cc1629,5,B10,34
1,cc1629,6,B10,34
1,cc1629,7,B10,34
1,cc1629,22,B10,40
1,cc1629,23,B10,40
1,cc1629,24,B10,40
1,cc1629,25,B10,40
1,cc1629,26,B10,40
1,cc1629,27,B10,40
1,cc1629,28,B10,40
1,cc1629,43,B10,28
1,cc1629,44,B10,28
1,cc1629,45,B10,28
1,cc1629,46,B10,28
1,cc1629,47,B10,28
1,cc1629,48,B10,28
1,cc1629,49,B10,28
1,cc1629,64,B10,22
1,cc1629,65,B10,22
1,cc1629,66,B10,22
1,cc1629,67,B10,22
1,cc1629,68,B10,22
1,cc1629,69,B10,22
1,cc1629,70,B10,22
1,cc1629,85,B10,16
1,cc1629,86,B10,16
1,cc1629,87,B10,16
1,cc1629,88,B10,16
1,cc1629,89,B10,16
1,cc1629,90,B10,16
1,cc1629,91,B10,16
1,cc1629,106,B10,10
1,cc1629,107,B10,10
1,cc1629,108,B10,10
1,cc1629,109,B10,10
1,cc1629,110,B10,10
1,cc1629,111,B10,10
1,cc1629,112,B10,10
1,24,1,B11,34
1,24,2,B11,34
1,24,3,B11,34
1,24,4,B11,34
1,24,5,B11,34
1,24,6,B11,34
1,24,7,B11,34
1,24,22,B11,40
1,24,23,B11,40
1,24,24,B11,40
1,24,25,B11,40
1,24,26,B11,40
1,24,27,B11,40
1,24,28,B11,40
1,24,43,B11,28
1,24,44,B11,28
1,24,45,B11,28
1,24,46,B11,28
1,24,47,B11,28
1,24,48,B11,28
1,24,49,B11,28
1,24,64,B11,22
1,24,65,B11,22
1,24,66,B11,22
1,24,67,B11,22
1,24,68,B11,22
1,24,69,B11,22
1,24,70,B11,22
1,24,85,B11,16
1,24,86,B11,16
1,24,87,B11,16
1,24,88,B11,16
1,24,89,B11,16
1,24,90,B11,16
1,24,91,B11,16
1,24,106,B11,10
1,24,107,B11,10
1,24,108,B11,10
1,24,109,B11,10
1,24,110,B11,10
1,24,111,B11,10
1,24,112,B11,10
1,6,1,C02,34
1,6,2,C02,34
1,6,3,C02,34
1,6,4,C02,34
1,6,5,C02,34
1,6,6,C02,34
1,6,7,C02,34
1,6,22,C02,40
1,6,23,C02,40
1,6,24,C02,40
1,6,25,C02,40
1,6,26,C02,40
1,6,27,C02,40
1,6,28,C02,40
1,6,43,C02,28
1,6,44,C02,28
1,6,45,C02,28
1,6,46,C02,28
1,6,47,C02,28
1,6,48,C02,28
1,6,49,C02,28
1,6,64,C02,22
1,6,65,C02,22
1,6,66,C02,22
1,6,67,C02,22
1,6,68,C02,22
1,6,69,C02,22
1,6,70,C02,22
1,6,85,C02,16
1,6,86,C02,16
1,6,87,C02,16
1,6,88,C02,16
1,6,89,C02,16
1,6,90,C02,16
1,6,91,C02,16
1,6,106,C02,10
1,6,107,C02,10
1,6,108,C02,10
1,6,109,C02,10
1,6,110,C02,10
1,6,111,C02,10
1,6,112,C02,10
1,33,1,C03,34
1,33,2,C03,34
1,33,3,C03,34
1,33,4,C03,34
1,33,5,C03,34
1,33,6,C03,34
1,33,7,C03,34
1,33,22,C03,40
1,33,23,C03,40
1,33,24,C03,40
1,33,25,C03,40
1,33,26,C03,40
1,33,27,C03,40
1,33,28,C03,40
1,33,43,C03,28
1,33,44,C03,28
1,33,45,C03,28
1,33,46,C03,28
1,33,47,C03,28
1,33,48,C03,28
1,33,49,C03,28
1,33,64,C03,22
1,33,65,C03,22
1,33,66,C03,22
1,33,67,C03,22
1,33,68,C03,22
1,33,69,C03,22
1,33,70,C03,22
1,33,85,C03,16
1,33,86,C03,16
1,33,87,C03,16
1,33,88,C03,16
1,33,89,C03,16
1,33,90,C03,16
1,33,91,C03,16
1,33,106,C03,10
1,33,107,C03,10
1,33,108,C03,10
1,33,109,C03,10
1,33,110,C03,10
1,33,111,C03,10
1,33,112,C03,10
1,32,1,C04,34
1,32,2,C04,34
1,32,3,C04,34
1,32,4,C04,34
1,32,5,C04,34
1,32,6,C04,34
1,32,7,C04,34
1,32,22,C04,40
1,32,23,C04,40
1,32,24,C04,40
1,32,25,C04,40
1,32,26,C04,40
1,32,27,C04,40
1,32,28,C04,40
1,32,43,C04,28
1,32,44,C04,28
1,32,45,C04,28
1,32,46,C04,28
1,32,47,C04,28
1,32,48,C04,28
1,32,49,C04,28
1,32,64,C04,22
1,32,65,C04,22
1,32,66,C04,22
1,32,67,C04,22
1,32,68,C04,22
1,32,69,C04,22
1,32,70,C04,22
1,32,85,C04,16
1,32,86,C04,16
1,32,87,C04,16
1,32,88,C04,16
1,32,89,C04,16
1,32,90,C04,16
1,32,91,C04,16
1,32,106,C04,10
1,32,107,C04,10
1,32,108,C04,10
1,32,109,C04,10
1,32,110,C04,10
1,32,111,C04,10
1,32,112,C04,10
1,25,1,C05,34
1,25,2,C05,34
1,25,3,C05,34
1,25,4,C05,34
1,25,5,C05,34
1,25,6,C05,34
1,25,7,C05,34
1,25,22,C05,40
1,25,23,C05,40
1,25,24,C05,40
1,25,25,C05,40
1,25,26,C05,40
1,25,27,C05,40
1,25,28,C05,40
1,25,43,C05,28
1,25,44,C05,28
1,25,45,C05,28
1,25,46,C05,28
1,25,47,C05,28
1,25,48,C05,28
1,25,49,C05,28
1,25,64,C05,22
1,25,65,C05,22
1,25,66,C05,22
1,25,67,C05,22
1,25,68,C05,22
1,25,69,C05,22
1,25,70,C05,22
1,25,85,C05,16
1,25,86,C05,16
1,25,87,C05,16
1,25,88,C05,16
1,25,89,C05,16
1,25,90,C05,16
1,25,91,C05,16
1,25,106,C05,10
1,25,107,C05,10
1,25,108,C05,10
1,25,109,C05,10
1,25,110,C05,10
1,25,111,C05,10
1,25,112,C05,10
1,1,1,C06,34
1,1,2,C06,34
1,1,3,C06,34
1,1,4,C06,34
1,1,5,C06,34
1,1,6,C06,34
1,1,7,C06,34
1,1,22,C06,40
1,1,23,C06,40
1,1,24,C06,40
1,1,25,C06,40
1,1,26,C06,40
1,1,27,C06,40
1,1,28,C06,40
1,1,43,C06,28
1,1,44,C06,28
1,1,45,C06,28
1,1,46,C06,28
1,1,47,C06,28
1,1,48,C06,28
1,1,49,C06,28
1,1,64,C06,22
1,1,65,C06,22
1,1,66,C06,22
1,1,67,C06,22
1,1,68,C06,22
1,1,69,C06,22
1,1,70,C06,22
1,1,85,C06,16
1,1,86,C06,16
1,1,87,C06,16
1,1,88,C06,16
1,1,89,C06,16
1,1,90,C06,16
1,1,91,C06,16
1,1,106,C06,10
1,1,107,C06,10
1,1,108,C06,10
1,1,109,C06,10
1,1,110,C06,10
1,1,111,C06,10
1,1,112,C06,10
1,11,1,C07,34
1,11,2,C07,34
1,11,3,C07,34
1,11,4,C07,34
1,11,5,C07,34
1,11,6,C07,34
1,11,7,C07,34
1,11,22,C07,40
1,11,23,C07,40
1,11,24,C07,40
1,11,25,C07,40
1,11,26,C07,40
1,11,27,C07,40
1,11,28,C07,40
1,11,43,C07,28
1,11,44,C07,28
1,11,45,C07,28
1,11,46,C07,28
1,11,47,C07,28
1,11,48,C07,28
1,11,49,C07,28
1,11,64,C07,22
1,11,65,C07,22
1,11,66,C07,22
1,11,67,C07,22
1,11,68,C07,22
1,11,69,C07,22
1,11,70,C07,22
1,11,85,C07,16
1,11,86,C07,16
1,11,87,C07,16
1,11,88,C07,16
1,11,89,C07,16
1,11,90,C07,16
1,11,91,C07,16
1,11,106,C07,10
1,11,107,C07,10
1,11,108,C07,10
1,11,109,C07,10
1,11,110,C07,10
1,11,111,C07,10
1,11,112,C07,10
1,cc1629,1,C08,34
1,cc1629,2,C08,34
1,cc1629,3,C08,34
1,cc1629,4,C08,34
1,cc1629,5,C08,34
1,cc1629,6,C08,34
1,cc1629,7,C08,34
1,cc1629,22,C08,40
1,cc1629,23,C08,40
1,cc1629,24,C08,40
1,cc1629,25,C08,40
1,cc1629,26,C08,40
1,cc1629,27,C08,40
1,cc1629,28,C08,40
1,cc1629,43,C08,28
1,cc1629,44,C08,28
1,cc1629,45,C08,28
1,cc1629,46,C08,28
1,cc1629,47,C08,28
1,cc1629,48,C08,28
1,cc1629,49,C08,28
1,cc1629,64,C08,22
1,cc1629,65,C08,22
1,cc1629,66,C08,22
1,cc1629,67,C08,22
1,cc1629,68,C08,22
1,cc1629,69,C08,22
1,cc1629,70,C08,22
1,cc1629,85,C08,16
1,cc1629,86,C08,16
1,cc1629,87,C08,16
1,cc1629,88,C08,16
1,cc1629,89,C08,16
1,cc1629,90,C08,16
1,cc1629,91,C08,16
1,cc1629,106,C08,10
1,cc1629,107,C08,10
1,cc1629,108,C08,10
1,cc1629,109,C08,10
1,cc1629,110,C08,10
1,cc1629,111,C08,10
1,cc1629,112,C08,10
1,6,1,C09,34
1,6,2,C09,34
1,6,3,C09,34
1,6,4,C09,34
1,6,5,C09,34
1,6,6,C09,34
1,6,7,C09,34
1,6,22,C09,40
1,6,23,C09,40
1,6,24,C09,40
1,6,25,C09,40
1,6,26,C09,40
1,6,27,C09,40
1,6,28,C09,40
1,6,43,C09,28
1,6,44,C09,28
1,6,45,C09,28
1,6,46,C09,28
1,6,47,C09,28
1,6,48,C09,28
1,6,49,C09,28
1,6,64,C09,22
1,6,65,C09,22
1,6,66,C09,22
1,6,67,C09,22
1,6,68,C09,22
1,6,69,C09,22
1,6,70,C09,22
1,6,85,C09,16
1,6,86,C09,16
1,6,87,C09,16
1,6,88,C09,16
1,6,89,C09,16
1,6,90,C09,16
1,6,91,C09,16
1,6,106,C09,10
1,6,107,C09,10
1,6,108,C09,10
1,6,109,C09,10
1,6,110,C09,10
1,6,111,C09,10
1,6,112,C09,10
1,23,1,C10,34
1,23,2,C10,34
1,23,3,C10,34
1,23,4,C10,34
1,23,5,C10,34
1,23,6,C10,34
1,23,7,C10,34
1,23,22,C10,40
1,23,23,C10,40
1,23,24,C10,40
1,23,25,C10,40
1,23,26,C10,40
1,23,27,C10,40
1,23,28,C10,40
1,23,43,C10,28
1,23,44,C10,28
1,23,45,C10,28
1,23,46,C10,28
1,23,47,C10,28
1,23,48,C10,28
1,23,49,C10,28
1,23,64,C10,22
1,23,65,C10,22
1,23,66,C10,22
1,23,67,C10,22
1,23,68,C10,22
1,23,69,C10,22
1,23,70,C10,22
1,23,85,C10,16
1,23,86,C10,16
1,23,87,C10,16
1,23,88,C10,16
1,23,89,C10,16
1,23,90,C10,16
1,23,91,C10,16
1,23,106,C10,10
1,23,107,C10,10
1,23,108,C10,10
1,23,109,C10,10
1,23,110,C10,10
1,23,111,C10,10
1,23,112,C10,10
1,anc5,1,C11,34
1,anc5,2,C11,34
1,anc5,3,C11,34
1,anc5,4,C11,34
1,anc5,5,C11,34
1,anc5,6,C11,34
1,anc5,7,C11,34
1,anc5,22,C11,40
1,anc5,23,C11,40
1,anc5,24,C11,40
1,anc5,25,C11,40
1,anc5,26,C11,40
1,anc5,27,C11,40
1,anc5,28,C11,40
1,anc5,43,C11,28
1,anc5,44,C11,28
1,anc5,45,C11,28
1,anc5,46,C11,28
1,anc5,47,C11,28
1,anc5,48,C11,28
1,anc5,49,C11,28
1,anc5,64,C11,22
1,anc5,65,C11,22
1,anc5,66,C11,22
1,anc5,67,C11,22
1,anc5,68,C11,22
1,anc5,69,C11,22
1,anc5,70,C11,22
1,anc5,85,C11,16
1,anc5,86,C11,16
1,anc5,87,C11,16
1,anc5,88,C11,16
1,anc5,89,C11,16
1,anc5,90,C11,16
1,anc5,91,C11,16
1,anc5,106,C11,10
1,anc5,107,C11,10
1,anc5,108,C11,10
1,anc5,109,C11,10
1,anc5,110,C11,10
1,anc5,111,C11,10
1,anc5,112,C11,10
1,24,1,D02,34
1,24,2,D02,34
1,24,3,D02,34
1,24,4,D02,34
1,24,5,D02,34
1,24,6,D02,34
1,24,7,D02,34
1,24,22,D02,40
1,24,23,D02,40
1,24,24,D02,40
1,24,25,D02,40
1,24,26,D02,40
1,24,27,D02,40
1,24,28,D02,40
1,24,43,D02,28
1,24,44,D02,28
1,24,45,D02,28
1,24,46,D02,28
1,24,47,D02,28
1,24,48,D02,28
1,24,49,D02,28
1,24,64,D02,22
1,24,65,D02,22
1,24,66,D02,22
1,24,67,D02,22
1,24,68,D02,22
1,24,69,D02,22
1,24,70,D02,22
1,24,85,D02,16
1,24,86,D02,16
1,24,87,D02,16
1,24,88,D02,16
1,24,89,D02,16
1,24,90,D02,16
1,24,91,D02,16
1,24,106,D02,10
1,24,107,D02,10
1,24,108,D02,10
1,24,109,D02,10
1,24,110,D02,10
1,24,111,D02,10
1,24,112,D02,10
1,8,1,D03,34
1,8,2,D03,34
1,8,3,D03,34
1,8,4,D03,34
1,8,5,D03,34
1,8,6,D03,34
1,8,7,D03,34
1,8,22,D03,40
1,8,23,D03,40
1,8,24,D03,40
1,8,25,D03,40
1,8,26,D03,40
1,8,27,D03,40
1,8,28,D03,40
1,8,43,D03,28
1,8,44,D03,28
1,8,45,D03,28
1,8,46,D03,28
1,8,47,D03,28
1,8,48,D03,28
1,8,49,D03,28
1,8,64,D03,22
1,8,65,D03,22
1,8,66,D03,22
1,8,67,D03,22
1,8,68,D03,22
1,8,69,D03,22
1,8,70,D03,22
1,8,85,D03,16
1,8,86,D03,16
1,8,87,D03,16
1,8,88,D03,16
1,8,89,D03,16
1,8,90,D03,16
1,8,91,D03,16
1,8,106,D03,10
1,8,107,D03,10
1,8,108,D03,10
1,8,109,D03,10
1,8,110,D03,10
1,8,111,D03,10
1,8,112,D03,10
1,19,1,D04,34
1,19,2,D04,34
1,19,3,D04,34
1,19,4,D04,34
1,19,5,D04,34
1,19,6,D04,34
1,19,7,D04,34
1,19,22,D04,40
1,19,23,D04,40
1,19,24,D04,40
1,19,25,D04,40
1,19,26,D04,40
1,19,27,D04,40
1,19,28,D04,40
1,19,43,D04,28
1,19,44,D04,28
1,19,45,D04,28
1,19,46,D04,28
1,19,47,D04,28
1,19,48,D04,28
1,19,49,D04,28
1,19,64,D04,22
1,19,65,D04,22
1,19,66,D04,22
1,19,67,D04,22
1,19,68,D04,22
1,19,69,D04,22
1,19,70,D04,22
1,19,85,D04,16
1,19,86,D04,16
1,19,87,D04,16
1,19,88,D04,16
1,19,89,D04,16
1,19,90,D04,16
1,19,91,D04,16
1,19,106,D04,10
1,19,107,D04,10
1,19,108,D04,10
1,19,109,D04,10
1,19,110,D04,10
1,19,111,D04,10
1,19,112,D04,10
1,33,1,D05,34
1,33,2,D05,34
1,33,3,D05,34
1,33,4,D05,34
1,33,5,D05,34
1,33,6,D05,34
1,33,7,D05,34
1,33,22,D05,40
1,33,23,D05,40
1,33,24,D05,40
1,33,25,D05,40
1,33,26,D05,40
1,33,27,D05,40
1,33,28,D05,40
1,33,43,D05,28
1,33,44,D05,28
1,33,45,D05,28
1,33,46,D05,28
1,33,47,D05,28
1,33,48,D05,28
1,33,49,D05,28
1,33,64,D05,22
1,33,65,D05,22
1,33,66,D05,22
1,33,67,D05,22
1,33,68,D05,22
1,33,69,D05,22
1,33,70,D05,22
1,33,85,D05,16
1,33,86,D05,16
1,33,87,D05,16
1,33,88,D05,16
1,33,89,D05,16
1,33,90,D05,16
1,33,91,D05,16
1,33,106,D05,10
1,33,107,D05,10
1,33,108,D05,10
1,33,109,D05,10
1,33,110,D05,10
1,33,111,D05,10
1,33,112,D05,10
1,14,1,D06,34
1,14,2,D06,34
1,14,3,D06,34
1,14,4,D06,34
1,14,5,D06,34
1,14,6,D06,34
1,14,7,D06,34
1,14,22,D06,40
1,14,23,D06,40
1,14,24,D06,40
1,14,25,D06,40
1,14,26,D06,40
1,14,27,D06,40
1,14,28,D06,40
1,14,43,D06,28
1,14,44,D06,28
1,14,45,D06,28
1,14,46,D06,28
1,14,47,D06,28
1,14,48,D06,28
1,14,49,D06,28
1,14,64,D06,22
1,14,65,D06,22
1,14,66,D06,22
1,14,67,D06,22
1,14,68,D06,22
1,14,69,D06,22
1,14,70,D06,22
1,14,85,D06,16
1,14,86,D06,16
1,14,87,D06,16
1,14,88,D06,16
1,14,89,D06,16
1,14,90,D06,16
1,14,91,D06,16
1,14,106,D06,10
1,14,107,D06,10
1,14,108,D06,10
1,14,109,D06,10
1,14,110,D06,10
1,14,111,D06,10
1,14,112,D06,10
1,32,1,D07,34
1,32,2,D07,34
1,32,3,D07,34
1,32,4,D07,34
1,32,5,D07,34
1,32,6,D07,34
1,32,7,D07,34
1,32,22,D07,40
1,32,23,D07,40
1,32,24,D07,40
1,32,25,D07,40
1,32,26,D07,40
1,32,27,D07,40
1,32,28,D07,40
1,32,43,D07,28
1,32,44,D07,28
1,32,45,D07,28
1,32,46,D07,28
1,32,47,D07,28
1,32,48,D07,28
1,32,49,D07,28
1,32,64,D07,22
1,32,65,D07,22
1,32,66,D07,22
1,32,67,D07,22
1,32,68,D07,22
1,32,69,D07,22
1,32,70,D07,22
1,32,85,D07,16
1,32,86,D07,16
1,32,87,D07,16
1,32,88,D07,16
1,32,89,D07,16
1,32,90,D07,16
1,32,91,D07,16
1,32,106,D07,10
1,32,107,D07,10
1,32,108,D07,10
1,32,109,D07,10
1,32,110,D07,10
1,32,111,D07,10
1,32,112,D07,10
1,32,1,D08,34
1,32,2,D08,34
1,32,3,D08,34
1,32,4,D08,34
1,32,5,D08,34
1,32,6,D08,34
1,32,7,D08,34
1,32,22,D08,40
1,32,23,D08,40
1,32,24,D08,40
1,32,25,D08,40
1,32,26,D08,40
1,32,27,D08,40
1,32,28,D08,40
1,32,43,D08,28
1,32,44,D08,28
1,32,45,D08,28
1,32,46,D08,28
1,32,47,D08,28
1,32,48,D08,28
1,32,49,D08,28
1,32,64,D08,22
1,32,65,D08,22
1,32,66,D08,22
1,32,67,D08,22
1,32,68,D08,22
1,32,69,D08,22
1,32,70,D08,22
1,32,85,D08,16
1,32,86,D08,16
1,32,87,D08,16
1,32,88,D08,16
1,32,89,D08,16
1,32,90,D08,16
1,32,91,D08,16
1,32,106,D08,10
1,32,107,D08,10
1,32,108,D08,10
1,32,109,D08,10
1,32,110,D08,10
1,32,111,D08,10
1,32,112,D08,10
1,14,1,D09,34
1,14,2,D09,34
1,14,3,D09,34
1,14,4,D09,34
1,14,5,D09,34
1,14,6,D09,34
1,14,7,D09,34
1,14,22,D09,40
1,14,23,D09,40
1,14,24,D09,40
1,14,25,D09,40
1,14,26,D09,40
1,14,27,D09,40
1,14,28,D09,40
1,14,43,D09,28
1,14,44,D09,28
1,14,45,D09,28
1,14,46,D09,28
1,14,47,D09,28
1,14,48,D09,28
1,14,49,D09,28
1,14,64,D09,22
1,14,65,D09,22
1,14,66,D09,22
1,14,67,D09,22
1,14,68,D09,22
1,14,69,D09,22
1,14,70,D09,22
1,14,85,D09,16
1,14,86,D09,16
1,14,87,D09,16
1,14,88,D09,16
1,14,89,D09,16
1,14,90,D09,16
1,14,91,D09,16
1,14,106,D09,10
1,14,107,D09,10
1,14,108,D09,10
1,14,109,D09,10
1,14,110,D09,10
1,14,111,D09,10
1,14,112,D09,10
1,19,1,D10,34
1,19,2,D10,34
1,19,3,D10,34
1,19,4,D10,34
1,19,5,D10,34
1,19,6,D10,34
1,19,7,D10,34
1,19,22,D10,40
1,19,23,D10,40
1,19,24,D10,40
1,19,25,D10,40
1,19,26,D10,40
1,19,27,D10,40
1,19,28,D10,40
1,19,43,D10,28
1,19,44,D10,28
1,19,45,D10,28
1,19,46,D10,28
1,19,47,D10,28
1,19,48,D10,28
1,19,49,D10,28
1,19,64,D10,22
1,19,65,D10,22
1,19,66,D10,22
1,19,67,D10,22
1,19,68,D10,22
1,19,69,D10,22
1,19,70,D10,22
1,19,85,D10,16
1,19,86,D10,16
1,19,87,D10,16
1,19,88,D10,16
1,19,89,D10,16
1,19,90,D10,16
1,19,91,D10,16
1,19,106,D10,10
1,19,107,D10,10
1,19,108,D10,10
1,19,109,D10,10
1,19,110,D10,10
1,19,111,D10,10
1,19,112,D10,10
1,11,1,D11,34
1,11,2,D11,34
1,11,3,D11,34
1,11,4,D11,34
1,11,5,D11,34
1,11,6,D11,34
1,11,7,D11,34
1,11,22,D11,40
1,11,23,D11,40
1,11,24,D11,40
1,11,25,D11,40
1,11,26,D11,40
1,11,27,D11,40
1,11,28,D11,40
1,11,43,D11,28
1,11,44,D11,28
1,11,45,D11,28
1,11,46,D11,28
1,11,47,D11,28
1,11,48,D11,28
1,11,49,D11,28
1,11,64,D11,22
1,11,65,D11,22
1,11,66,D11,22
1,11,67,D11,22
1,11,68,D11,22
1,11,69,D11,22
1,11,70,D11,22
1,11,85,D11,16
1,11,86,D11,16
1,11,87,D11,16
1,11,88,D11,16
1,11,89,D11,16
1,11,90,D11,16
1,11,91,D11,16
1,11,106,D11,10
1,11,107,D11,10
1,11,108,D11,10
1,11,109,D11,10
1,11,110,D11,10
1,11,111,D11,10
1,11,112,D11,10
1,1,1,E02,34
1,1,2,E02,34
1,1,3,E02,34
1,1,4,E02,34
1,1,5,E02,34
1,1,6,E02,34
1,1,7,E02,34
1,1,22,E02,40
1,1,23,E02,40
1,1,24,E02,40
1,1,25,E02,40
1,1,26,E02,40
1,1,27,E02,40
1,1,28,E02,40
1,1,43,E02,28
1,1,44,E02,28
1,1,45,E02,28
1,1,46,E02,28
1,1,47,E02,28
1,1,48,E02,28
1,1,49,E02,28
1,1,64,E02,22
1,1,65,E02,22
1,1,66,E02,22
1,1,67,E02,22
1,1,68,E02,22
1,1,69,E02,22
1,1,70,E02,22
1,1,85,E02,16
1,1,86,E02,16
1,1,87,E02,16
1,1,88,E02,16
1,1,89,E02,16
1,1,90,E02,16
1,1,91,E02,16
1,1,106,E02,10
1,1,107,E02,10
1,1,108,E02,10
1,1,109,E02,10
1,1,110,E02,10
1,1,111,E02,10
1,1,112,E02,10
1,25,1,E03,34
1,25,2,E03,34
1,25,3,E03,34
1,25,4,E03,34
1,25,5,E03,34
1,25,6,E03,34
1,25,7,E03,34
1,25,22,E03,40
1,25,23,E03,40
1,25,24,E03,40
1,25,25,E03,40
1,25,26,E03,40
1,25,27,E03,40
1,25,28,E03,40
1,25,43,E03,28
1,25,44,E03,28
1,25,45,E03,28
1,25,46,E03,28
1,25,47,E03,28
1,25,48,E03,28
1,25,49,E03,28
1,25,64,E03,22
1,25,65,E03,22
1,25,66,E03,22
1,25,67,E03,22
1,25,68,E03,22
1,25,69,E03,22
1,25,70,E03,22
1,25,85,E03,16
1,25,86,E03,16
1,25,87,E03,16
1,25,88,E03,16
1,25,89,E03,16
1,25,90,E03,16
1,25,91,E03,16
1,25,106,E03,10
1,25,107,E03,10
1,25,108,E03,10
1,25,109,E03,10
1,25,110,E03,10
1,25,111,E03,10
1,25,112,E03,10
1,cc1629,1,E04,34
1,cc1629,2,E04,34
1,cc1629,3,E04,34
1,cc1629,4,E04,34
1,cc1629,5,E04,34
1,cc1629,6,E04,34
1,cc1629,7,E04,34
1,cc1629,22,E04,40
1,cc1629,23,E04,40
1,cc1629,24,E04,40
1,cc1629,25,E04,40
1,cc1629,26,E04,40
1,cc1629,27,E04,40
1,cc1629,28,E04,40
1,cc1629,43,E04,28
1,cc1629,44,E04,28
1,cc1629,45,E04,28
1,cc1629,46,E04,28
1,cc1629,47,E04,28
1,cc1629,48,E04,28
1,cc1629,49,E04,28
1,cc1629,64,E04,22
1,cc1629,65,E04,22
1,cc1629,66,E04,22
1,cc1629,67,E04,22
1,cc1629,68,E04,22
1,cc1629,69,E04,22
1,cc1629,70,E04,22
1,cc1629,85,E04,16
1,cc1629,86,E04,16
1,cc1629,87,E04,16
1,cc1629,88,E04,16
1,cc1629,89,E04,16
1,cc1629,90,E04,16
1,cc1629,91,E04,16
1,cc1629,106,E04,10
1,cc1629,107,E04,10
1,cc1629,108,E04,10
1,cc1629,109,E04,10
1,cc1629,110,E04,10
1,cc1629,111,E04,10
1,cc1629,112,E04,10
1,23,1,E05,34
1,23,2,E05,34
1,23,3,E05,34
1,23,4,E05,34
1,23,5,E05,34
1,23,6,E05,34
1,23,7,E05,34
1,23,22,E05,40
1,23,23,E05,40
1,23,24,E05,40
1,23,25,E05,40
1,23,26,E05,40
1,23,27,E05,40
1,23,28,E05,40
1,23,43,E05,28
1,23,44,E05,28
1,23,45,E05,28
1,23,46,E05,28
1,23,47,E05,28
1,23,48,E05,28
1,23,49,E05,28
1,23,64,E05,22
1,23,65,E05,22
1,23,66,E05,22
1,23,67,E05,22
1,23,68,E05,22
1,23,69,E05,22
1,23,70,E05,22
1,23,85,E05,16
1,23,86,E05,16
1,23,87,E05,16
1,23,88,E05,16
1,23,89,E05,16
1,23,90,E05,16
1,23,91,E05,16
1,23,106,E05,10
1,23,107,E05,10
1,23,108,E05,10
1,23,109,E05,10
1,23,110,E05,10
1,23,111,E05,10
1,23,112,E05,10
1,24,1,E06,34
1,24,2,E06,34
1,24,3,E06,34
1,24,4,E06,34
1,24,5,E06,34
1,24,6,E06,34
1,24,7,E06,34
1,24,22,E06,40
1,24,23,E06,40
1,24,24,E06,40
1,24,25,E06,40
1,24,26,E06,40
1,24,27,E06,40
1,24,28,E06,40
1,24,43,E06,28
1,24,44,E06,28
1,24,45,E06,28
1,24,46,E06,28
1,24,47,E06,28
1,24,48,E06,28
1,24,49,E06,28
1,24,64,E06,22
1,24,65,E06,22
1,24,66,E06,22
1,24,67,E06,22
1,24,68,E06,22
1,24,69,E06,22
1,24,70,E06,22
1,24,85,E06,16
1,24,86,E06,16
1,24,87,E06,16
1,24,88,E06,16
1,24,89,E06,16
1,24,90,E06,16
1,24,91,E06,16
1,24,106,E06,10
1,24,107,E06,10
1,24,108,E06,10
1,24,109,E06,10
1,24,110,E06,10
1,24,111,E06,10
1,24,112,E06,10
1,anc5,1,E07,34
1,anc5,2,E07,34
1,anc5,3,E07,34
1,anc5,4,E07,34
1,anc5,5,E07,34
1,anc5,6,E07,34
1,anc5,7,E07,34
1,anc5,22,E07,40
1,anc5,23,E07,40
1,anc5,24,E07,40
1,anc5,25,E07,40
1,anc5,26,E07,40
1,anc5,27,E07,40
1,anc5,28,E07,40
1,anc5,43,E07,28
1,anc5,44,E07,28
1,anc5,45,E07,28
1,anc5,46,E07,28
1,anc5,47,E07,28
1,anc5,48,E07,28
1,anc5,49,E07,28
1,anc5,64,E07,22
1,anc5,65,E07,22
1,anc5,66,E07,22
1,anc5,67,E07,22
1,anc5,68,E07,22
1,anc5,69,E07,22
1,anc5,70,E07,22
1,anc5,85,E07,16
1,anc5,86,E07,16
1,anc5,87,E07,16
1,anc5,88,E07,16
1,anc5,89,E07,16
1,anc5,90,E07,16
1,anc5,91,E07,16
1,anc5,106,E07,10
1,anc5,107,E07,10
1,anc5,108,E07,10
1,anc5,109,E07,10
1,anc5,110,E07,10
1,anc5,111,E07,10
1,anc5,112,E07,10
1,33,1,E08,34
1,33,2,E08,34
1,33,3,E08,34
1,33,4,E08,34
1,33,5,E08,34
1,33,6,E08,34
1,33,7,E08,34
1,33,22,E08,40
1,33,23,E08,40
1,33,24,E08,40
1,33,25,E08,40
1,33,26,E08,40
1,33,27,E08,40
1,33,28,E08,40
1,33,43,E08,28
1,33,44,E08,28
1,33,45,E08,28
1,33,46,E08,28
1,33,47,E08,28
1,33,48,E08,28
1,33,49,E08,28
1,33,64,E08,22
1,33,65,E08,22
1,33,66,E08,22
1,33,67,E08,22
1,33,68,E08,22
1,33,69,E08,22
1,33,70,E08,22
1,33,85,E08,16
1,33,86,E08,16
1,33,87,E08,16
1,33,88,E08,16
1,33,89,E08,16
1,33,90,E08,16
1,33,91,E08,16
1,33,106,E08,10
1,33,107,E08,10
1,33,108,E08,10
1,33,109,E08,10
1,33,110,E08,10
1,33,111,E08,10
1,33,112,E08,10
1,6,1,E09,34
1,6,2,E09,34
1,6,3,E09,34
1,6,4,E09,34
1,6,5,E09,34
1,6,6,E09,34
1,6,7,E09,34
1,6,22,E09,40
1,6,23,E09,40
1,6,24,E09,40
1,6,25,E09,40
1,6,26,E09,40
1,6,27,E09,40
1,6,28,E09,40
1,6,43,E09,28
1,6,44,E09,28
1,6,45,E09,28
1,6,46,E09,28
1,6,47,E09,28
1,6,48,E09,28
1,6,49,E09,28
1,6,64,E09,22
1,6,65,E09,22
1,6,66,E09,22
1,6,67,E09,22
1,6,68,E09,22
1,6,69,E09,22
1,6,70,E09,22
1,6,85,E09,16
1,6,86,E09,16
1,6,87,E09,16
1,6,88,E09,16
1,6,89,E09,16
1,6,90,E09,16
1,6,91,E09,16
1,6,106,E09,10
1,6,107,E09,10
1,6,108,E09,10
1,6,109,E09,10
1,6,110,E09,10
1,6,111,E09,10
1,6,112,E09,10
1,8,1,E10,34
1,8,2,E10,34
1,8,3,E10,34
1,8,4,E10,34
1,8,5,E10,34
1,8,6,E10,34
1,8,7,E10,34
1,8,22,E10,40
1,8,23,E10,40
1,8,24,E10,40
1,8,25,E10,40
1,8,26,E10,40
1,8,27,E10,40
1,8,28,E10,40
1,8,43,E10,28
1,8,44,E10,28
1,8,45,E10,28
1,8,46,E10,28
1,8,47,E10,28
1,8,48,E10,28
1,8,49,E10,28
1,8,64,E10,22
1,8,65,E10,22
1,8,66,E10,22
1,8,67,E10,22
1,8,68,E10,22
1,8,69,E10,22
1,8,70,E10,22
1,8,85,E10,16
1,8,86,E10,16
1,8,87,E10,16
1,8,88,E10,16
1,8,89,E10,16
1,8,90,E10,16
1,8,91,E10,16
1,8,106,E10,10
1,8,107,E10,10
1,8,108,E10,10
1,8,109,E10,10
1,8,110,E10,10
1,8,111,E10,10
1,8,112,E10,10
1,24,1,E11,34
1,24,2,E11,34
1,24,3,E11,34
1,24,4,E11,34
1,24,5,E11,34
1,24,6,E11,34
1,24,7,E11,34
1,24,22,E11,40
1,24,23,E11,40
1,24,24,E11,40
1,24,25,E11,40
1,24,26,E11,40
1,24,27,E11,40
1,24,28,E11,40
1,24,43,E11,28
1,24,44,E11,28
1,24,45,E11,28
1,24,46,E11,28
1,24,47,E11,28
1,24,48,E11,28
1,24,49,E11,28
1,24,64,E11,22
1,24,65,E11,22
1,24,66,E11,22
1,24,67,E11,22
1,24,68,E11,22
1,24,69,E11,22
1,24,70,E11,22
1,24,85,E11,16
1,24,86,E11,16
1,24,87,E11,16
1,24,88,E11,16
1,24,89,E11,16
1,24,90,E11,16
1,24,91,E11,16
1,24,106,E11,10
1,24,107,E11,10
1,24,108,E11,10
1,24,109,E11,10
1,24,110,E11,10
1,24,111,E11,10
1,24,112,E11,10
1,25,1,F02,34
1,25,2,F02,34
1,25,3,F02,34
1,25,4,F02,34
1,25,5,F02,34
1,25,6,F02,34
1,25,7,F02,34
1,25,22,F02,40
1,25,23,F02,40
1,25,24,F02,40
1,25,25,F02,40
1,25,26,F02,40
1,25,27,F02,40
1,25,28,F02,40
1,25,43,F02,28
1,25,44,F02,28
1,25,45,F02,28
1,25,46,F02,28
1,25,47,F02,28
1,25,48,F02,28
1,25,49,F02,28
1,25,64,F02,22
1,25,65,F02,22
1,25,66,F02,22
1,25,67,F02,22
1,25,68,F02,22
1,25,69,F02,22
1,25,70,F02,22
1,25,85,F02,16
1,25,86,F02,16
1,25,87,F02,16
1,25,88,F02,16
1,25,89,F02,16
1,25,90,F02,16
1,25,91,F02,16
1,25,106,F02,10
1,25,107,F02,10
1,25,108,F02,10
1,25,109,F02,10
1,25,110,F02,10
1,25,111,F02,10
1,25,112,F02,10
1,19,1,F03,34
1,19,2,F03,34
1,19,3,F03,34
1,19,4,F03,34
1,19,5,F03,34
1,19,6,F03,34
1,19,7,F03,34
1,19,22,F03,40
1,19,23,F03,40
1,19,24,F03,40
1,19,25,F03,40
1,19,26,F03,40
1,19,27,F03,40
1,19,28,F03,40
1,19,43,F03,28
1,19,44,F03,28
1,19,45,F03,28
1,19,46,F03,28
1,19,47,F03,28
1,19,48,F03,28
1,19,49,F03,28
1,19,64,F03,22
1,19,65,F03,22
1,19,66,F03,22
1,19,67,F03,22
1,19,68,F03,22
1,19,69,F03,22
1,19,70,F03,22
1,19,85,F03,16
1,19,86,F03,16
1,19,87,F03,16
1,19,88,F03,16
1,19,89,F03,16
1,19,90,F03,16
1,19,91,F03,16
1,19,106,F03,10
1,19,107,F03,10
1,19,108,F03,10
1,19,109,F03,10
1,19,110,F03,10
1,19,111,F03,10
1,19,112,F03,10
1,6,1,F04,34
1,6,2,F04,34
1,6,3,F04,34
1,6,4,F04,34
1,6,5,F04,34
1,6,6,F04,34
1,6,7,F04,34
1,6,22,F04,40
1,6,23,F04,40
1,6,24,F04,40
1,6,25,F04,40
1,6,26,F04,40
1,6,27,F04,40
1,6,28,F04,40
1,6,43,F04,28
1,6,44,F04,28
1,6,45,F04,28
1,6,46,F04,28
1,6,47,F04,28
1,6,48,F04,28
1,6,49,F04,28
1,6,64,F04,22
1,6,65,F04,22
1,6,66,F04,22
1,6,67,F04,22
1,6,68,F04,22
1,6,69,F04,22
1,6,70,F04,22
1,6,85,F04,16
1,6,86,F04,16
1,6,87,F04,16
1,6,88,F04,16
1,6,89,F04,16
1,6,90,F04,16
1,6,91,F04,16
1,6,106,F04,10
1,6,107,F04,10
1,6,108,F04,10
1,6,109,F04,10
1,6,110,F04,10
1,6,111,F04,10
1,6,112,F04,10
1,anc5,1,F05,34
1,anc5,2,F05,34
1,anc5,3,F05,34
1,anc5,4,F05,34
1,anc5,5,F05,34
1,anc5,6,F05,34
1,anc5,7,F05,34
1,anc5,22,F05,40
1,anc5,23,F05,40
1,anc5,24,F05,40
1,anc5,25,F05,40
1,anc5,26,F05,40
1,anc5,27,F05,40
1,anc5,28,F05,40
1,anc5,43,F05,28
1,anc5,44,F05,28
1,anc5,45,F05,28
1,anc5,46,F05,28
1,anc5,47,F05,28
1,anc5,48,F05,28
1,anc5,49,F05,28
1,anc5,64,F05,22
1,anc5,65,F05,22
1,anc5,66,F05,22
1,anc5,67,F05,22
1,anc5,68,F05,22
1,anc5,69,F05,22
1,anc5,70,F05,22
1,anc5,85,F05,16
1,anc5,86,F05,16
1,anc5,87,F05,16
1,anc5,88,F05,16
1,anc5,89,F05,16
1,anc5,90,F05,16
1,anc5,91,F05,16
1,anc5,106,F05,10
1,anc5,107,F05,10
1,anc5,108,F05,10
1,anc5,109,F05,10
1,anc5,110,F05,10
1,anc5,111,F05,10
1,anc5,112,F05,10
1,8,1,F06,34
1,8,2,F06,34
1,8,3,F06,34
1,8,4,F06,34
1,8,5,F06,34
1,8,6,F06,34
1,8,7,F06,34
1,8,22,F06,40
1,8,23,F06,40
1,8,24,F06,40
1,8,25,F06,40
1,8,26,F06,40
1,8,27,F06,40
1,8,28,F06,40
1,8,43,F06,28
1,8,44,F06,28
1,8,45,F06,28
1,8,46,F06,28
1,8,47,F06,28
1,8,48,F06,28
1,8,49,F06,28
1,8,64,F06,22
1,8,65,F06,22
1,8,66,F06,22
1,8,67,F06,22
1,8,68,F06,22
1,8,69,F06,22
1,8,70,F06,22
1,8,85,F06,16
1,8,86,F06,16
1,8,87,F06,16
1,8,88,F06,16
1,8,89,F06,16
1,8,90,F06,16
1,8,91,F06,16
1,8,106,F06,10
1,8,107,F06,10
1,8,108,F06,10
1,8,109,F06,10
1,8,110,F06,10
1,8,111,F06,10
1,8,112,F06,10
1,32,1,F07,34
1,32,2,F07,34
1,32,3,F07,34
1,32,4,F07,34
1,32,5,F07,34
1,32,6,F07,34
1,32,7,F07,34
1,32,22,F07,40
1,32,23,F07,40
1,32,24,F07,40
1,32,25,F07,40
1,32,26,F07,40
1,32,27,F07,40
1,32,28,F07,40
1,32,43,F07,28
1,32,44,F07,28
1,32,45,F07,28
1,32,46,F07,28
1,32,47,F07,28
1,32,48,F07,28
1,32,49,F07,28
1,32,64,F07,22
1,32,65,F07,22
1,32,66,F07,22
1,32,67,F07,22
1,32,68,F07,22
1,32,69,F07,22
1,32,70,F07,22
1,32,85,F07,16
1,32,86,F07,16
1,32,87,F07,16
1,32,88,F07,16
1,32,89,F07,16
1,32,90,F07,16
1,32,91,F07,16
1,32,106,F07,10
1,32,107,F07,10
1,32,108,F07,10
1,32,109,F07,10
1,32,110,F07,10
1,32,111,F07,10
1,32,112,F07,10
1,14,1,F08,34
1,14,2,F08,34
1,14,3,F08,34
1,14,4,F08,34
1,14,5,F08,34
1,14,6,F08,34
1,14,7,F08,34
1,14,22,F08,40
1,14,23,F08,40
1,14,24,F08,40
1,14,25,F08,40
1,14,26,F08,40
1,14,27,F08,40
1,14,28,F08,40
1,14,43,F08,28
1,14,44,F08,28
1,14,45,F08,28
1,14,46,F08,28
1,14,47,F08,28
1,14,48,F08,28
1,14,49,F08,28
1,14,64,F08,22
1,14,65,F08,22
1,14,66,F08,22
1,14,67,F08,22
1,14,68,F08,22
1,14,69,F08,22
1,14,70,F08,22
1,14,85,F08,16
1,14,86,F08,16
1,14,87,F08,16
1,14,88,F08,16
1,14,89,F08,16
1,14,90,F08,16
1,14,91,F08,16
1,14,106,F08,10
1,14,107,F08,10
1,14,108,F08,10
1,14,109,F08,10
1,14,110,F08,10
1,14,111,F08,10
1,14,112,F08,10
1,cc1629,1,F09,34
1,cc1629,2,F09,34
1,cc1629,3,F09,34
1,cc1629,4,F09,34
1,cc1629,5,F09,34
1,cc1629,6,F09,34
1,cc1629,7,F09,34
1,cc1629,22,F09,40
1,cc1629,23,F09,40
1,cc1629,24,F09,40
1,cc1629,25,F09,40
1,cc1629,26,F09,40
1,cc1629,27,F09,40
1,cc1629,28,F09,40
1,cc1629,43,F09,28
1,cc1629,44,F09,28
1,cc1629,45,F09,28
1,cc1629,46,F09,28
1,cc1629,47,F09,28
1,cc1629,48,F09,28
1,cc1629,49,F09,28
1,cc1629,64,F09,22
1,cc1629,65,F09,22
1,cc1629,66,F09,22
1,cc1629,67,F09,22
1,cc1629,68,F09,22
1,cc1629,69,F09,22
1,cc1629,70,F09,22
1,cc1629,85,F09,16
1,cc1629,86,F09,16
1,cc1629,87,F09,16
1,cc1629,88,F09,16
1,cc1629,89,F09,16
1,cc1629,90,F09,16
1,cc1629,91,F09,16
1,cc1629,106,F09,10
1,cc1629,107,F09,10
1,cc1629,108,F09,10
1,cc1629,109,F09,10
1,cc1629,110,F09,10
1,cc1629,111,F09,10
1,cc1629,112,F09,10
1,23,1,F10,34
1,23,2,F10,34
1,23,3,F10,34
1,23,4,F10,34
1,23,5,F10,34
1,23,6,F10,34
1,23,7,F10,34
1,23,22,F10,40
1,23,23,F10,40
1,23,24,F10,40
1,23,25,F10,40
1,23,26,F10,40
1,23,27,F10,40
1,23,28,F10,40
1,23,43,F10,28
1,23,44,F10,28
1,23,45,F10,28
1,23,46,F10,28
1,23,47,F10,28
1,23,48,F10,28
1,23,49,F10,28
1,23,64,F10,22
1,23,65,F10,22
1,23,66,F10,22
1,23,67,F10,22
1,23,68,F10,22
1,23,69,F10,22
1,23,70,F10,22
1,23,85,F10,16
1,23,86,F10,16
1,23,87,F10,16
1,23,88,F10,16
1,23,89,F10,16
1,23,90,F10,16
1,23,91,F10,16
1,23,106,F10,10
1,23,107,F10,10
1,23,108,F10,10
1,23,109,F10,10
1,23,110,F10,10
1,23,111,F10,10
1,23,112,F10,10
1,1,1,F11,34
1,1,2,F11,34
1,1,3,F11,34
1,1,4,F11,34
1,1,5,F11,34
1,1,6,F11,34
1,1,7,F11,34
1,1,22,F11,40
1,1,23,F11,40
1,1,24,F11,40
1,1,25,F11,40
1,1,26,F11,40
1,1,27,F11,40
1,1,28,F11,40
1,1,43,F11,28
1,1,44,F11,28
1,1,45,F11,28
1,1,46,F11,28
1,1,47,F11,28
1,1,48,F11,28
1,1,49,F11,28
1,1,64,F11,22
1,1,65,F11,22
1,1,66,F11,22
1,1,67,F11,22
1,1,68,F11,22
1,1,69,F11,22
1,1,70,F11,22
1,1,85,F11,16
1,1,86,F11,16
1,1,87,F11,16
1,1,88,F11,16
1,1,89,F11,16
1,1,90,F11,16
1,1,91,F11,16
1,1,106,F11,10
1,1,107,F11,10
1,1,108,F11,10
1,1,109,F11,10
1,1,110,F11,10
1,1,111,F11,10
1,1,112,F11,10
1,11,1,G02,34
1,11,2,G02,34
1,11,3,G02,34
1,11,4,G02,34
1,11,5,G02,34
1,11,6,G02,34
1,11,7,G02,34
1,11,22,G02,40
1,11,23,G02,40
1,11,24,G02,40
1,11,25,G02,40
1,11,26,G02,40
1,11,27,G02,40
1,11,28,G02,40
1,11,43,G02,28
1,11,44,G02,28
1,11,45,G02,28
1,11,46,G02,28
1,11,47,G02,28
1,11,48,G02,28
1,11,49,G02,28
1,11,64,G02,22
1,11,65,G02,22
1,11,66,G02,22
1,11,67,G02,22
1,11,68,G02,22
1,11,69,G02,22
1,11,70,G02,22
1,11,85,G02,16
1,11,86,G02,16
1,11,87,G02,16
1,11,88,G02,16
1,11,89,G02,16
1,11,90,G02,16
1,11,91,G02,16
1,11,106,G02,10
1,11,107,G02,10
1,11,108,G02,10
1,11,109,G02,10
1,11,110,G02,10
1,11,111,G02,10
1,11,112,G02,10
1,33,1,G03,34
1,33,2,G03,34
1,33,3,G03,34
1,33,4,G03,34
1,33,5,G03,34
1,33,6,G03,34
1,33,7,G03,34
1,33,22,G03,40
1,33,23,G03,40
1,33,24,G03,40
1,33,25,G03,40
1,33,26,G03,40
1,33,27,G03,40
1,33,28,G03,40
1,33,43,G03,28
1,33,44,G03,28
1,33,45,G03,28
1,33,46,G03,28
1,33,47,G03,28
1,33,48,G03,28
1,33,49,G03,28
1,33,64,G03,22
1,33,65,G03,22
1,33,66,G03,22
1,33,67,G03,22
1,33,68,G03,22
1,33,69,G03,22
1,33,70,G03,22
1,33,85,G03,16
1,33,86,G03,16
1,33,87,G03,16
1,33,88,G03,16
1,33,89,G03,16
1,33,90,G03,16
1,33,91,G03,16
1,33,106,G03,10
1,33,107,G03,10
1,33,108,G03,10
1,33,109,G03,10
1,33,110,G03,10
1,33,111,G03,10
1,33,112,G03,10
2,28,8,B02,34
2,28,9,B02,34
2,28,10,B02,34
2,28,11,B02,34
2,28,12,B02,34
2,28,13,B02,34
2,28,14,B02,34
2,28,29,B02,40
2,28,30,B02,40
2,28,31,B02,40
2,28,32,B02,40
2,28,33,B02,40
2,28,34,B02,40
2,28,35,B02,40
2,28,50,B02,28
2,28,51,B02,28
2,28,52,B02,28
2,28,53,B02,28
2,28,54,B02,28
2,28,55,B02,28
2,28,56,B02,28
2,28,71,B02,22
2,28,72,B02,22
2,28,73,B02,22
2,28,74,B02,22
2,28,75,B02,22
2,28,76,B02,22
2,28,77,B02,22
2,28,92,B02,16
2,28,93,B02,16
2,28,94,B02,16
2,28,95,B02,16
2,28,96,B02,16
2,28,97,B02,16
2,28,98,B02,16
2,28,113,B02,10
2,28,114,B02,10
2,28,115,B02,10
2,28,116,B02,10
2,28,117,B02,10
2,28,118,B02,10
2,28,119,B02,10
2,4,8,B03,34
2,4,9,B03,34
2,4,10,B03,34
2,4,11,B03,34
2,4,12,B03,34
2,4,13,B03,34
2,4,14,B03,34
2,4,29,B03,40
2,4,30,B03,40
2,4,31,B03,40
2,4,32,B03,40
2,4,33,B03,40
2,4,34,B03,40
2,4,35,B03,40
2,4,50,B03,28
2,4,51,B03,28
2,4,52,B03,28
2,4,53,B03,28
2,4,54,B03,28
2,4,55,B03,28
2,4,56,B03,28
2,4,71,B03,22
2,4,72,B03,22
2,4,73,B03,22
2,4,74,B03,22
2,4,75,B03,22
2,4,76,B03,22
2,4,77,B03,22
2,4,92,B03,16
2,4,93,B03,16
2,4,94,B03,16
2,4,95,B03,16
2,4,96,B03,16
2,4,97,B03,16
2,4,98,B03,16
2,4,113,B03,10
2,4,114,B03,10
2,4,115,B03,10
2,4,116,B03,10
2,4,117,B03,10
2,4,118,B03,10
2,4,119,B03,10
2,31,8,B04,34
2,31,9,B04,34
2,31,10,B04,34
2,31,11,B04,34
2,31,12,B04,34
2,31,13,B04,34
2,31,14,B04,34
2,31,29,B04,40
2,31,30,B04,40
2,31,31,B04,40
2,31,32,B04,40
2,31,33,B04,40
2,31,34,B04,40
2,31,35,B04,40
2,31,50,B04,28
2,31,51,B04,28
2,31,52,B04,28
2,31,53,B04,28
2,31,54,B04,28
2,31,55,B04,28
2,31,56,B04,28
2,31,71,B04,22
2,31,72,B04,22
2,31,73,B04,22
2,31,74,B04,22
2,31,75,B04,22
2,31,76,B04,22
2,31,77,B04,22
2,31,92,B04,16
2,31,93,B04,16
2,31,94,B04,16
2,31,95,B04,16
2,31,96,B04,16
2,31,97,B04,16
2,31,98,B04,16
2,31,113,B04,10
2,31,114,B04,10
2,31,115,B04,10
2,31,116,B04,10
2,31,117,B04,10
2,31,118,B04,10
2,31,119,B04,10
2,22,8,B05,34
2,22,9,B05,34
2,22,10,B05,34
2,22,11,B05,34
2,22,12,B05,34
2,22,13,B05,34
2,22,14,B05,34
2,22,29,B05,40
2,22,30,B05,40
2,22,31,B05,40
2,22,32,B05,40
2,22,33,B05,40
2,22,34,B05,40
2,22,35,B05,40
2,22,50,B05,28
2,22,51,B05,28
2,22,52,B05,28
2,22,53,B05,28
2,22,54,B05,28
2,22,55,B05,28
2,22,56,B05,28
2,22,71,B05,22
2,22,72,B05,22
2,22,73,B05,22
2,22,74,B05,22
2,22,75,B05,22
2,22,76,B05,22
2,22,77,B05,22
2,22,92,B05,16
2,22,93,B05,16
2,22,94,B05,16
2,22,95,B05,16
2,22,96,B05,16
2,22,97,B05,16
2,22,98,B05,16
2,22,113,B05,10
2,22,114,B05,10
2,22,115,B05,10
2,22,116,B05,10
2,22,117,B05,10
2,22,118,B05,10
2,22,119,B05,10
2,anc2,8,B06,34
2,anc2,9,B06,34
2,anc2,10,B06,34
2,anc2,11,B06,34
2,anc2,12,B06,34
2,anc2,13,B06,34
2,anc2,14,B06,34
2,anc2,29,B06,40
2,anc2,30,B06,40
2,anc2,31,B06,40
2,anc2,32,B06,40
2,anc2,33,B06,40
2,anc2,34,B06,40
2,anc2,35,B06,40
2,anc2,50,B06,28
2,anc2,51,B06,28
2,anc2,52,B06,28
2,anc2,53,B06,28
2,anc2,54,B06,28
2,anc2,55,B06,28
2,anc2,56,B06,28
2,anc2,71,B06,22
2,anc2,72,B06,22
2,anc2,73,B06,22
2,anc2,74,B06,22
2,anc2,75,B06,22
2,anc2,76,B06,22
2,anc2,77,B06,22
2,anc2,92,B06,16
2,anc2,93,B06,16
2,anc2,94,B06,16
2,anc2,95,B06,16
2,anc2,96,B06,16
2,anc2,97,B06,16
2,anc2,98,B06,16
2,anc2,113,B06,10
2,anc2,114,B06,10
2,anc2,115,B06,10
2,anc2,116,B06,10
2,anc2,117,B06,10
2,anc2,118,B06,10
2,anc2,119,B06,10
2,27,8,B07,34
2,27,9,B07,34
2,27,10,B07,34
2,27,11,B07,34
2,27,12,B07,34
2,27,13,B07,34
2,27,14,B07,34
2,27,29,B07,40
2,27,30,B07,40
2,27,31,B07,40
2,27,32,B07,40
2,27,33,B07,40
2,27,34,B07,40
2,27,35,B07,40
2,27,50,B07,28
2,27,51,B07,28
2,27,52,B07,28
2,27,53,B07,28
2,27,54,B07,28
2,27,55,B07,28
2,27,56,B07,28
2,27,71,B07,22
2,27,72,B07,22
2,27,73,B07,22
2,27,74,B07,22
2,27,75,B07,22
2,27,76,B07,22
2,27,77,B07,22
2,27,92,B07,16
2,27,93,B07,16
2,27,94,B07,16
2,27,95,B07,16
2,27,96,B07,16
2,27,97,B07,16
2,27,98,B07,16
2,27,113,B07,10
2,27,114,B07,10
2,27,115,B07,10
2,27,116,B07,10
2,27,117,B07,10
2,27,118,B07,10
2,27,119,B07,10
2,17,8,B08,34
2,17,9,B08,34
2,17,10,B08,34
2,17,11,B08,34
2,17,12,B08,34
2,17,13,B08,34
2,17,14,B08,34
2,17,29,B08,40
2,17,30,B08,40
2,17,31,B08,40
2,17,32,B08,40
2,17,33,B08,40
2,17,34,B08,40
2,17,35,B08,40
2,17,50,B08,28
2,17,51,B08,28
2,17,52,B08,28
2,17,53,B08,28
2,17,54,B08,28
2,17,55,B08,28
2,17,56,B08,28
2,17,71,B08,22
2,17,72,B08,22
2,17,73,B08,22
2,17,74,B08,22
2,17,75,B08,22
2,17,76,B08,22
2,17,77,B08,22
2,17,92,B08,16
2,17,93,B08,16
2,17,94,B08,16
2,17,95,B08,16
2,17,96,B08,16
2,17,97,B08,16
2,17,98,B08,16
2,17,113,B08,10
2,17,114,B08,10
2,17,115,B08,10
2,17,116,B08,10
2,17,117,B08,10
2,17,118,B08,10
2,17,119,B08,10
2,26,8,B09,34
2,26,9,B09,34
2,26,10,B09,34
2,26,11,B09,34
2,26,12,B09,34
2,26,13,B09,34
2,26,14,B09,34
2,26,29,B09,40
2,26,30,B09,40
2,26,31,B09,40
2,26,32,B09,40
2,26,33,B09,40
2,26,34,B09,40
2,26,35,B09,40
2,26,50,B09,28
2,26,51,B09,28
2,26,52,B09,28
2,26,53,B09,28
2,26,54,B09,28
2,26,55,B09,28
2,26,56,B09,28
2,26,71,B09,22
2,26,72,B09,22
2,26,73,B09,22
2,26,74,B09,22
2,26,75,B09,22
2,26,76,B09,22
2,26,77,B09,22
2,26,92,B09,16
2,26,93,B09,16
2,26,94,B09,16
2,26,95,B09,16
2,26,96,B09,16
2,26,97,B09,16
2,26,98,B09,16
2,26,113,B09,10
2,26,114,B09,10
2,26,115,B09,10
2,26,116,B09,10
2,26,117,B09,10
2,26,118,B09,10
2,26,119,B09,10
2,2,8,B10,34
2,2,9,B10,34
2,2,10,B10,34
2,2,11,B10,34
2,2,12,B10,34
2,2,13,B10,34
2,2,14,B10,34
2,2,29,B10,40
2,2,30,B10,40
2,2,31,B10,40
2,2,32,B10,40
2,2,33,B10,40
2,2,34,B10,40
2,2,35,B10,40
2,2,50,B10,28
2,2,51,B10,28
2,2,52,B10,28
2,2,53,B10,28
2,2,54,B10,28
2,2,55,B10,28
2,2,56,B10,28
2,2,71,B10,22
2,2,72,B10,22
2,2,73,B10,22
2,2,74,B10,22
2,2,75,B10,22
2,2,76,B10,22
2,2,77,B10,22
2,2,92,B10,16
2,2,93,B10,16
2,2,94,B10,16
2,2,95,B10,16
2,2,96,B10,16
2,2,97,B10,16
2,2,98,B10,16
2,2,113,B10,10
2,2,114,B10,10
2,2,115,B10,10
2,2,116,B10,10
2,2,117,B10,10
2,2,118,B10,10
2,2,119,B10,10
2,18,8,B11,34
2,18,9,B11,34
2,18,10,B11,34
2,18,11,B11,34
2,18,12,B11,34
2,18,13,B11,34
2,18,14,B11,34
2,18,29,B11,40
2,18,30,B11,40
2,18,31,B11,40
2,18,32,B11,40
2,18,33,B11,40
2,18,34,B11,40
2,18,35,B11,40
2,18,50,B11,28
2,18,51,B11,28
2,18,52,B11,28
2,18,53,B11,28
2,18,54,B11,28
2,18,55,B11,28
2,18,56,B11,28
2,18,71,B11,22
2,18,72,B11,22
2,18,73,B11,22
2,18,74,B11,22
2,18,75,B11,22
2,18,76,B11,22
2,18,77,B11,22
2,18,92,B11,16
2,18,93,B11,16
2,18,94,B11,16
2,18,95,B11,16
2,18,96,B11,16
2,18,97,B11,16
2,18,98,B11,16
2,18,113,B11,10
2,18,114,B11,10
2,18,115,B11,10
2,18,116,B11,10
2,18,117,B11,10
2,18,118,B11,10
2,18,119,B11,10
2,21,8,C02,34
2,21,9,C02,34
2,21,10,C02,34
2,21,11,C02,34
2,21,12,C02,34
2,21,13,C02,34
2,21,14,C02,34
2,21,29,C02,40
2,21,30,C02,40
2,21,31,C02,40
2,21,32,C02,40
2,21,33,C02,40
2,21,34,C02,40
2,21,35,C02,40
2,21,50,C02,28
2,21,51,C02,28
2,21,52,C02,28
2,21,53,C02,28
2,21,54,C02,28
2,21,55,C02,28
2,21,56,C02,28
2,21,71,C02,22
2,21,72,C02,22
2,21,73,C02,22
2,21,74,C02,22
2,21,75,C02,22
2,21,76,C02,22
2,21,77,C02,22
2,21,92,C02,16
2,21,93,C02,16
2,21,94,C02,16
2,21,95,C02,16
2,21,96,C02,16
2,21,97,C02,16
2,21,98,C02,16
2,21,113,C02,10
2,21,114,C02,10
2,21,115,C02,10
2,21,116,C02,10
2,21,117,C02,10
2,21,118,C02,10
2,21,119,C02,10
2,9,8,C03,34
2,9,9,C03,34
2,9,10,C03,34
2,9,11,C03,34
2,9,12,C03,34
2,9,13,C03,34
2,9,14,C03,34
2,9,29,C03,40
2,9,30,C03,40
2,9,31,C03,40
2,9,32,C03,40
2,9,33,C03,40
2,9,34,C03,40
2,9,35,C03,40
2,9,50,C03,28
2,9,51,C03,28
2,9,52,C03,28
2,9,53,C03,28
2,9,54,C03,28
2,9,55,C03,28
2,9,56,C03,28
2,9,71,C03,22
2,9,72,C03,22
2,9,73,C03,22
2,9,74,C03,22
2,9,75,C03,22
2,9,76,C03,22
2,9,77,C03,22
2,9,92,C03,16
2,9,93,C03,16
2,9,94,C03,16
2,9,95,C03,16
2,9,96,C03,16
2,9,97,C03,16
2,9,98,C03,16
2,9,113,C03,10
2,9,114,C03,10
2,9,115,C03,10
2,9,116,C03,10
2,9,117,C03,10
2,9,118,C03,10
2,9,119,C03,10
2,35,8,C04,34
2,35,9,C04,34
2,35,10,C04,34
2,35,11,C04,34
2,35,12,C04,34
2,35,13,C04,34
2,35,14,C04,34
2,35,29,C04,40
2,35,30,C04,40
2,35,31,C04,40
2,35,32,C04,40
2,35,33,C04,40
2,35,34,C04,40
2,35,35,C04,40
2,35,50,C04,28
2,35,51,C04,28
2,35,52,C04,28
2,35,53,C04,28
2,35,54,C04,28
2,35,55,C04,28
2,35,56,C04,28
2,35,71,C04,22
2,35,72,C04,22
2,35,73,C04,22
2,35,74,C04,22
2,35,75,C04,22
2,35,76,C04,22
2,35,77,C04,22
2,35,92,C04,16
2,35,93,C04,16
2,35,94,C04,16
2,35,95,C04,16
2,35,96,C04,16
2,35,97,C04,16
2,35,98,C04,16
2,35,113,C04,10
2,35,114,C04,10
2,35,115,C04,10
2,35,116,C04,10
2,35,117,C04,10
2,35,118,C04,10
2,35,119,C04,10
2,28,8,C05,34
2,28,9,C05,34
2,28,10,C05,34
2,28,11,C05,34
2,28,12,C05,34
2,28,13,C05,34
2,28,14,C05,34
2,28,29,C05,40
2,28,30,C05,40
2,28,31,C05,40
2,28,32,C05,40
2,28,33,C05,40
2,28,34,C05,40
2,28,35,C05,40
2,28,50,C05,28
2,28,51,C05,28
2,28,52,C05,28
2,28,53,C05,28
2,28,54,C05,28
2,28,55,C05,28
2,28,56,C05,28
2,28,71,C05,22
2,28,72,C05,22
2,28,73,C05,22
2,28,74,C05,22
2,28,75,C05,22
2,28,76,C05,22
2,28,77,C05,22
2,28,92,C05,16
2,28,93,C05,16
2,28,94,C05,16
2,28,95,C05,16
2,28,96,C05,16
2,28,97,C05,16
2,28,98,C05,16
2,28,113,C05,10
2,28,114,C05,10
2,28,115,C05,10
2,28,116,C05,10
2,28,117,C05,10
2,28,118,C05,10
2,28,119,C05,10
2,26,8,C06,34
2,26,9,C06,34
2,26,10,C06,34
2,26,11,C06,34
2,26,12,C06,34
2,26,13,C06,34
2,26,14,C06,34
2,26,29,C06,40
2,26,30,C06,40
2,26,31,C06,40
2,26,32,C06,40
2,26,33,C06,40
2,26,34,C06,40
2,26,35,C06,40
2,26,50,C06,28
2,26,51,C06,28
2,26,52,C06,28
2,26,53,C06,28
2,26,54,C06,28
2,26,55,C06,28
2,26,56,C06,28
2,26,71,C06,22
2,26,72,C06,22
2,26,73,C06,22
2,26,74,C06,22
2,26,75,C06,22
2,26,76,C06,22
2,26,77,C06,22
2,26,92,C06,16
2,26,93,C06,16
2,26,94,C06,16
2,26,95,C06,16
2,26,96,C06,16
2,26,97,C06,16
2,26,98,C06,16
2,26,113,C06,10
2,26,114,C06,10
2,26,115,C06,10
2,26,116,C06,10
2,26,117,C06,10
2,26,118,C06,10
2,26,119,C06,10
2,27,8,C07,34
2,27,9,C07,34
2,27,10,C07,34
2,27,11,C07,34
2,27,12,C07,34
2,27,13,C07,34
2,27,14,C07,34
2,27,29,C07,40
2,27,30,C07,40
2,27,31,C07,40
2,27,32,C07,40
2,27,33,C07,40
2,27,34,C07,40
2,27,35,C07,40
2,27,50,C07,28
2,27,51,C07,28
2,27,52,C07,28
2,27,53,C07,28
2,27,54,C07,28
2,27,55,C07,28
2,27,56,C07,28
2,27,71,C07,22
2,27,72,C07,22
2,27,73,C07,22
2,27,74,C07,22
2,27,75,C07,22
2,27,76,C07,22
2,27,77,C07,22
2,27,92,C07,16
2,27,93,C07,16
2,27,94,C07,16
2,27,95,C07,16
2,27,96,C07,16
2,27,97,C07,16
2,27,98,C07,16
2,27,113,C07,10
2,27,114,C07,10
2,27,115,C07,10
2,27,116,C07,10
2,27,117,C07,10
2,27,118,C07,10
2,27,119,C07,10
2,2,8,C08,34
2,2,9,C08,34
2,2,10,C08,34
2,2,11,C08,34
2,2,12,C08,34
2,2,13,C08,34
2,2,14,C08,34
2,2,29,C08,40
2,2,30,C08,40
2,2,31,C08,40
2,2,32,C08,40
2,2,33,C08,40
2,2,34,C08,40
2,2,35,C08,40
2,2,50,C08,28
2,2,51,C08,28
2,2,52,C08,28
2,2,53,C08,28
2,2,54,C08,28
2,2,55,C08,28
2,2,56,C08,28
2,2,71,C08,22
2,2,72,C08,22
2,2,73,C08,22
2,2,74,C08,22
2,2,75,C08,22
2,2,76,C08,22
2,2,77,C08,22
2,2,92,C08,16
2,2,93,C08,16
2,2,94,C08,16
2,2,95,C08,16
2,2,96,C08,16
2,2,97,C08,16
2,2,98,C08,16
2,2,113,C08,10
2,2,114,C08,10
2,2,115,C08,10
2,2,116,C08,10
2,2,117,C08,10
2,2,118,C08,10
2,2,119,C08,10
2,21,8,C09,34
2,21,9,C09,34
2,21,10,C09,34
2,21,11,C09,34
2,21,12,C09,34
2,21,13,C09,34
2,21,14,C09,34
2,21,29,C09,40
2,21,30,C09,40
2,21,31,C09,40
2,21,32,C09,40
2,21,33,C09,40
2,21,34,C09,40
2,21,35,C09,40
2,21,50,C09,28
2,21,51,C09,28
2,21,52,C09,28
2,21,53,C09,28
2,21,54,C09,28
2,21,55,C09,28
2,21,56,C09,28
2,21,71,C09,22
2,21,72,C09,22
2,21,73,C09,22
2,21,74,C09,22
2,21,75,C09,22
2,21,76,C09,22
2,21,77,C09,22
2,21,92,C09,16
2,21,93,C09,16
2,21,94,C09,16
2,21,95,C09,16
2,21,96,C09,16
2,21,97,C09,16
2,21,98,C09,16
2,21,113,C09,10
2,21,114,C09,10
2,21,115,C09,10
2,21,116,C09,10
2,21,117,C09,10
2,21,118,C09,10
2,21,119,C09,10
2,anc2,8,C10,34
2,anc2,9,C10,34
2,anc2,10,C10,34
2,anc2,11,C10,34
2,anc2,12,C10,34
2,anc2,13,C10,34
2,anc2,14,C10,34
2,anc2,29,C10,40
2,anc2,30,C10,40
2,anc2,31,C10,40
2,anc2,32,C10,40
2,anc2,33,C10,40
2,anc2,34,C10,40
2,anc2,35,C10,40
2,anc2,50,C10,28
2,anc2,51,C10,28
2,anc2,52,C10,28
2,anc2,53,C10,28
2,anc2,54,C10,28
2,anc2,55,C10,28
2,anc2,56,C10,28
2,anc2,71,C10,22
2,anc2,72,C10,22
2,anc2,73,C10,22
2,anc2,74,C10,22
2,anc2,75,C10,22
2,anc2,76,C10,22
2,anc2,77,C10,22
2,anc2,92,C10,16
2,anc2,93,C10,16
2,anc2,94,C10,16
2,anc2,95,C10,16
2,anc2,96,C10,16
2,anc2,97,C10,16
2,anc2,98,C10,16
2,anc2,113,C10,10
2,anc2,114,C10,10
2,anc2,115,C10,10
2,anc2,116,C10,10
2,anc2,117,C10,10
2,anc2,118,C10,10
2,anc2,119,C10,10
2,17,8,C11,34
2,17,9,C11,34
2,17,10,C11,34
2,17,11,C11,34
2,17,12,C11,34
2,17,13,C11,34
2,17,14,C11,34
2,17,29,C11,40
2,17,30,C11,40
2,17,31,C11,40
2,17,32,C11,40
2,17,33,C11,40
2,17,34,C11,40
2,17,35,C11,40
2,17,50,C11,28
2,17,51,C11,28
2,17,52,C11,28
2,17,53,C11,28
2,17,54,C11,28
2,17,55,C11,28
2,17,56,C11,28
2,17,71,C11,22
2,17,72,C11,22
2,17,73,C11,22
2,17,74,C11,22
2,17,75,C11,22
2,17,76,C11,22
2,17,77,C11,22
2,17,92,C11,16
2,17,93,C11,16
2,17,94,C11,16
2,17,95,C11,16
2,17,96,C11,16
2,17,97,C11,16
2,17,98,C11,16
2,17,113,C11,10
2,17,114,C11,10
2,17,115,C11,10
2,17,116,C11,10
2,17,117,C11,10
2,17,118,C11,10
2,17,119,C11,10
2,18,8,D02,34
2,18,9,D02,34
2,18,10,D02,34
2,18,11,D02,34
2,18,12,D02,34
2,18,13,D02,34
2,18,14,D02,34
2,18,29,D02,40
2,18,30,D02,40
2,18,31,D02,40
2,18,32,D02,40
2,18,33,D02,40
2,18,34,D02,40
2,18,35,D02,40
2,18,50,D02,28
2,18,51,D02,28
2,18,52,D02,28
2,18,53,D02,28
2,18,54,D02,28
2,18,55,D02,28
2,18,56,D02,28
2,18,71,D02,22
2,18,72,D02,22
2,18,73,D02,22
2,18,74,D02,22
2,18,75,D02,22
2,18,76,D02,22
2,18,77,D02,22
2,18,92,D02,16
2,18,93,D02,16
2,18,94,D02,16
2,18,95,D02,16
2,18,96,D02,16
2,18,97,D02,16
2,18,98,D02,16
2,18,113,D02,10
2,18,114,D02,10
2,18,115,D02,10
2,18,116,D02,10
2,18,117,D02,10
2,18,118,D02,10
2,18,119,D02,10
2,22,8,D03,34
2,22,9,D03,34
2,22,10,D03,34
2,22,11,D03,34
2,22,12,D03,34
2,22,13,D03,34
2,22,14,D03,34
2,22,29,D03,40
2,22,30,D03,40
2,22,31,D03,40
2,22,32,D03,40
2,22,33,D03,40
2,22,34,D03,40
2,22,35,D03,40
2,22,50,D03,28
2,22,51,D03,28
2,22,52,D03,28
2,22,53,D03,28
2,22,54,D03,28
2,22,55,D03,28
2,22,56,D03,28
2,22,71,D03,22
2,22,72,D03,22
2,22,73,D03,22
2,22,74,D03,22
2,22,75,D03,22
2,22,76,D03,22
2,22,77,D03,22
2,22,92,D03,16
2,22,93,D03,16
2,22,94,D03,16
2,22,95,D03,16
2,22,96,D03,16
2,22,97,D03,16
2,22,98,D03,16
2,22,113,D03,10
2,22,114,D03,10
2,22,115,D03,10
2,22,116,D03,10
2,22,117,D03,10
2,22,118,D03,10
2,22,119,D03,10
2,4,8,D04,34
2,4,9,D04,34
2,4,10,D04,34
2,4,11,D04,34
2,4,12,D04,34
2,4,13,D04,34
2,4,14,D04,34
2,4,29,D04,40
2,4,30,D04,40
2,4,31,D04,40
2,4,32,D04,40
2,4,33,D04,40
2,4,34,D04,40
2,4,35,D04,40
2,4,50,D04,28
2,4,51,D04,28
2,4,52,D04,28
2,4,53,D04,28
2,4,54,D04,28
2,4,55,D04,28
2,4,56,D04,28
2,4,71,D04,22
2,4,72,D04,22
2,4,73,D04,22
2,4,74,D04,22
2,4,75,D04,22
2,4,76,D04,22
2,4,77,D04,22
2,4,92,D04,16
2,4,93,D04,16
2,4,94,D04,16
2,4,95,D04,16
2,4,96,D04,16
2,4,97,D04,16
2,4,98,D04,16
2,4,113,D04,10
2,4,114,D04,10
2,4,115,D04,10
2,4,116,D04,10
2,4,117,D04,10
2,4,118,D04,10
2,4,119,D04,10
2,9,8,D05,34
2,9,9,D05,34
2,9,10,D05,34
2,9,11,D05,34
2,9,12,D05,34
2,9,13,D05,34
2,9,14,D05,34
2,9,29,D05,40
2,9,30,D05,40
2,9,31,D05,40
2,9,32,D05,40
2,9,33,D05,40
2,9,34,D05,40
2,9,35,D05,40
2,9,50,D05,28
2,9,51,D05,28
2,9,52,D05,28
2,9,53,D05,28
2,9,54,D05,28
2,9,55,D05,28
2,9,56,D05,28
2,9,71,D05,22
2,9,72,D05,22
2,9,73,D05,22
2,9,74,D05,22
2,9,75,D05,22
2,9,76,D05,22
2,9,77,D05,22
2,9,92,D05,16
2,9,93,D05,16
2,9,94,D05,16
2,9,95,D05,16
2,9,96,D05,16
2,9,97,D05,16
2,9,98,D05,16
2,9,113,D05,10
2,9,114,D05,10
2,9,115,D05,10
2,9,116,D05,10
2,9,117,D05,10
2,9,118,D05,10
2,9,119,D05,10
2,31,8,D06,34
2,31,9,D06,34
2,31,10,D06,34
2,31,11,D06,34
2,31,12,D06,34
2,31,13,D06,34
2,31,14,D06,34
2,31,29,D06,40
2,31,30,D06,40
2,31,31,D06,40
2,31,32,D06,40
2,31,33,D06,40
2,31,34,D06,40
2,31,35,D06,40
2,31,50,D06,28
2,31,51,D06,28
2,31,52,D06,28
2,31,53,D06,28
2,31,54,D06,28
2,31,55,D06,28
2,31,56,D06,28
2,31,71,D06,22
2,31,72,D06,22
2,31,73,D06,22
2,31,74,D06,22
2,31,75,D06,22
2,31,76,D06,22
2,31,77,D06,22
2,31,92,D06,16
2,31,93,D06,16
2,31,94,D06,16
2,31,95,D06,16
2,31,96,D06,16
2,31,97,D06,16
2,31,98,D06,16
2,31,113,D06,10
2,31,114,D06,10
2,31,115,D06,10
2,31,116,D06,10
2,31,117,D06,10
2,31,118,D06,10
2,31,119,D06,10
2,35,8,D07,34
2,35,9,D07,34
2,35,10,D07,34
2,35,11,D07,34
2,35,12,D07,34
2,35,13,D07,34
2,35,14,D07,34
2,35,29,D07,40
2,35,30,D07,40
2,35,31,D07,40
2,35,32,D07,40
2,35,33,D07,40
2,35,34,D07,40
2,35,35,D07,40
2,35,50,D07,28
2,35,51,D07,28
2,35,52,D07,28
2,35,53,D07,28
2,35,54,D07,28
2,35,55,D07,28
2,35,56,D07,28
2,35,71,D07,22
2,35,72,D07,22
2,35,73,D07,22
2,35,74,D07,22
2,35,75,D07,22
2,35,76,D07,22
2,35,77,D07,22
2,35,92,D07,16
2,35,93,D07,16
2,35,94,D07,16
2,35,95,D07,16
2,35,96,D07,16
2,35,97,D07,16
2,35,98,D07,16
2,35,113,D07,10
2,35,114,D07,10
2,35,115,D07,10
2,35,116,D07,10
2,35,117,D07,10
2,35,118,D07,10
2,35,119,D07,10
2,35,8,D08,34
2,35,9,D08,34
2,35,10,D08,34
2,35,11,D08,34
2,35,12,D08,34
2,35,13,D08,34
2,35,14,D08,34
2,35,29,D08,40
2,35,30,D08,40
2,35,31,D08,40
2,35,32,D08,40
2,35,33,D08,40
2,35,34,D08,40
2,35,35,D08,40
2,35,50,D08,28
2,35,51,D08,28
2,35,52,D08,28
2,35,53,D08,28
2,35,54,D08,28
2,35,55,D08,28
2,35,56,D08,28
2,35,71,D08,22
2,35,72,D08,22
2,35,73,D08,22
2,35,74,D08,22
2,35,75,D08,22
2,35,76,D08,22
2,35,77,D08,22
2,35,92,D08,16
2,35,93,D08,16
2,35,94,D08,16
2,35,95,D08,16
2,35,96,D08,16
2,35,97,D08,16
2,35,98,D08,16
2,35,113,D08,10
2,35,114,D08,10
2,35,115,D08,10
2,35,116,D08,10
2,35,117,D08,10
2,35,118,D08,10
2,35,119,D08,10
2,31,8,D09,34
2,31,9,D09,34
2,31,10,D09,34
2,31,11,D09,34
2,31,12,D09,34
2,31,13,D09,34
2,31,14,D09,34
2,31,29,D09,40
2,31,30,D09,40
2,31,31,D09,40
2,31,32,D09,40
2,31,33,D09,40
2,31,34,D09,40
2,31,35,D09,40
2,31,50,D09,28
2,31,51,D09,28
2,31,52,D09,28
2,31,53,D09,28
2,31,54,D09,28
2,31,55,D09,28
2,31,56,D09,28
2,31,71,D09,22
2,31,72,D09,22
2,31,73,D09,22
2,31,74,D09,22
2,31,75,D09,22
2,31,76,D09,22
2,31,77,D09,22
2,31,92,D09,16
2,31,93,D09,16
2,31,94,D09,16
2,31,95,D09,16
2,31,96,D09,16
2,31,97,D09,16
2,31,98,D09,16
2,31,113,D09,10
2,31,114,D09,10
2,31,115,D09,10
2,31,116,D09,10
2,31,117,D09,10
2,31,118,D09,10
2,31,119,D09,10
2,4,8,D10,34
2,4,9,D10,34
2,4,10,D10,34
2,4,11,D10,34
2,4,12,D10,34
2,4,13,D10,34
2,4,14,D10,34
2,4,29,D10,40
2,4,30,D10,40
2,4,31,D10,40
2,4,32,D10,40
2,4,33,D10,40
2,4,34,D10,40
2,4,35,D10,40
2,4,50,D10,28
2,4,51,D10,28
2,4,52,D10,28
2,4,53,D10,28
2,4,54,D10,28
2,4,55,D10,28
2,4,56,D10,28
2,4,71,D10,22
2,4,72,D10,22
2,4,73,D10,22
2,4,74,D10,22
2,4,75,D10,22
2,4,76,D10,22
2,4,77,D10,22
2,4,92,D10,16
2,4,93,D10,16
2,4,94,D10,16
2,4,95,D10,16
2,4,96,D10,16
2,4,97,D10,16
2,4,98,D10,16
2,4,113,D10,10
2,4,114,D10,10
2,4,115,D10,10
2,4,116,D10,10
2,4,117,D10,10
2,4,118,D10,10
2,4,119,D10,10
2,27,8,D11,34
2,27,9,D11,34
2,27,10,D11,34
2,27,11,D11,34
2,27,12,D11,34
2,27,13,D11,34
2,27,14,D11,34
2,27,29,D11,40
2,27,30,D11,40
2,27,31,D11,40
2,27,32,D11,40
2,27,33,D11,40
2,27,34,D11,40
2,27,35,D11,40
2,27,50,D11,28
2,27,51,D11,28
2,27,52,D11,28
2,27,53,D11,28
2,27,54,D11,28
2,27,55,D11,28
2,27,56,D11,28
2,27,71,D11,22
2,27,72,D11,22
2,27,73,D11,22
2,27,74,D11,22
2,27,75,D11,22
2,27,76,D11,22
2,27,77,D11,22
2,27,92,D11,16
2,27,93,D11,16
2,27,94,D11,16
2,27,95,D11,16
2,27,96,D11,16
2,27,97,D11,16
2,27,98,D11,16
2,27,113,D11,10
2,27,114,D11,10
2,27,115,D11,10
2,27,116,D11,10
2,27,117,D11,10
2,27,118,D11,10
2,27,119,D11,10
2,26,8,E02,34
2,26,9,E02,34
2,26,10,E02,34
2,26,11,E02,34
2,26,12,E02,34
2,26,13,E02,34
2,26,14,E02,34
2,26,29,E02,40
2,26,30,E02,40
2,26,31,E02,40
2,26,32,E02,40
2,26,33,E02,40
2,26,34,E02,40
2,26,35,E02,40
2,26,50,E02,28
2,26,51,E02,28
2,26,52,E02,28
2,26,53,E02,28
2,26,54,E02,28
2,26,55,E02,28
2,26,56,E02,28
2,26,71,E02,22
2,26,72,E02,22
2,26,73,E02,22
2,26,74,E02,22
2,26,75,E02,22
2,26,76,E02,22
2,26,77,E02,22
2,26,92,E02,16
2,26,93,E02,16
2,26,94,E02,16
2,26,95,E02,16
2,26,96,E02,16
2,26,97,E02,16
2,26,98,E02,16
2,26,113,E02,10
2,26,114,E02,10
2,26,115,E02,10
2,26,116,E02,10
2,26,117,E02,10
2,26,118,E02,10
2,26,119,E02,10
2,28,8,E03,34
2,28,9,E03,34
2,28,10,E03,34
2,28,11,E03,34
2,28,12,E03,34
2,28,13,E03,34
2,28,14,E03,34
2,28,29,E03,40
2,28,30,E03,40
2,28,31,E03,40
2,28,32,E03,40
2,28,33,E03,40
2,28,34,E03,40
2,28,35,E03,40
2,28,50,E03,28
2,28,51,E03,28
2,28,52,E03,28
2,28,53,E03,28
2,28,54,E03,28
2,28,55,E03,28
2,28,56,E03,28
2,28,71,E03,22
2,28,72,E03,22
2,28,73,E03,22
2,28,74,E03,22
2,28,75,E03,22
2,28,76,E03,22
2,28,77,E03,22
2,28,92,E03,16
2,28,93,E03,16
2,28,94,E03,16
2,28,95,E03,16
2,28,96,E03,16
2,28,97,E03,16
2,28,98,E03,16
2,28,113,E03,10
2,28,114,E03,10
2,28,115,E03,10
2,28,116,E03,10
2,28,117,E03,10
2,28,118,E03,10
2,28,119,E03,10
2,2,8,E04,34
2,2,9,E04,34
2,2,10,E04,34
2,2,11,E04,34
2,2,12,E04,34
2,2,13,E04,34
2,2,14,E04,34
2,2,29,E04,40
2,2,30,E04,40
2,2,31,E04,40
2,2,32,E04,40
2,2,33,E04,40
2,2,34,E04,40
2,2,35,E04,40
2,2,50,E04,28
2,2,51,E04,28
2,2,52,E04,28
2,2,53,E04,28
2,2,54,E04,28
2,2,55,E04,28
2,2,56,E04,28
2,2,71,E04,22
2,2,72,E04,22
2,2,73,E04,22
2,2,74,E04,22
2,2,75,E04,22
2,2,76,E04,22
2,2,77,E04,22
2,2,92,E04,16
2,2,93,E04,16
2,2,94,E04,16
2,2,95,E04,16
2,2,96,E04,16
2,2,97,E04,16
2,2,98,E04,16
2,2,113,E04,10
2,2,114,E04,10
2,2,115,E04,10
2,2,116,E04,10
2,2,117,E04,10
2,2,118,E04,10
2,2,119,E04,10
2,anc2,8,E05,34
2,anc2,9,E05,34
2,anc2,10,E05,34
2,anc2,11,E05,34
2,anc2,12,E05,34
2,anc2,13,E05,34
2,anc2,14,E05,34
2,anc2,29,E05,40
2,anc2,30,E05,40
2,anc2,31,E05,40
2,anc2,32,E05,40
2,anc2,33,E05,40
2,anc2,34,E05,40
2,anc2,35,E05,40
2,anc2,50,E05,28
2,anc2,51,E05,28
2,anc2,52,E05,28
2,anc2,53,E05,28
2,anc2,54,E05,28
2,anc2,55,E05,28
2,anc2,56,E05,28
2,anc2,71,E05,22
2,anc2,72,E05,22
2,anc2,73,E05,22
2,anc2,74,E05,22
2,anc2,75,E05,22
2,anc2,76,E05,22
2,anc2,77,E05,22
2,anc2,92,E05,16
2,anc2,93,E05,16
2,anc2,94,E05,16
2,anc2,95,E05,16
2,anc2,96,E05,16
2,anc2,97,E05,16
2,anc2,98,E05,16
2,anc2,113,E05,10
2,anc2,114,E05,10
2,anc2,115,E05,10
2,anc2,116,E05,10
2,anc2,117,E05,10
2,anc2,118,E05,10
2,anc2,119,E05,10
2,18,8,E06,34
2,18,9,E06,34
2,18,10,E06,34
2,18,11,E06,34
2,18,12,E06,34
2,18,13,E06,34
2,18,14,E06,34
2,18,29,E06,40
2,18,30,E06,40
2,18,31,E06,40
2,18,32,E06,40
2,18,33,E06,40
2,18,34,E06,40
2,18,35,E06,40
2,18,50,E06,28
2,18,51,E06,28
2,18,52,E06,28
2,18,53,E06,28
2,18,54,E06,28
2,18,55,E06,28
2,18,56,E06,28
2,18,71,E06,22
2,18,72,E06,22
2,18,73,E06,22
2,18,74,E06,22
2,18,75,E06,22
2,18,76,E06,22
2,18,77,E06,22
2,18,92,E06,16
2,18,93,E06,16
2,18,94,E06,16
2,18,95,E06,16
2,18,96,E06,16
2,18,97,E06,16
2,18,98,E06,16
2,18,113,E06,10
2,18,114,E06,10
2,18,115,E06,10
2,18,116,E06,10
2,18,117,E06,10
2,18,118,E06,10
2,18,119,E06,10
2,17,8,E07,34
2,17,9,E07,34
2,17,10,E07,34
2,17,11,E07,34
2,17,12,E07,34
2,17,13,E07,34
2,17,14,E07,34
2,17,29,E07,40
2,17,30,E07,40
2,17,31,E07,40
2,17,32,E07,40
2,17,33,E07,40
2,17,34,E07,40
2,17,35,E07,40
2,17,50,E07,28
2,17,51,E07,28
2,17,52,E07,28
2,17,53,E07,28
2,17,54,E07,28
2,17,55,E07,28
2,17,56,E07,28
2,17,71,E07,22
2,17,72,E07,22
2,17,73,E07,22
2,17,74,E07,22
2,17,75,E07,22
2,17,76,E07,22
2,17,77,E07,22
2,17,92,E07,16
2,17,93,E07,16
2,17,94,E07,16
2,17,95,E07,16
2,17,96,E07,16
2,17,97,E07,16
2,17,98,E07,16
2,17,113,E07,10
2,17,114,E07,10
2,17,115,E07,10
2,17,116,E07,10
2,17,117,E07,10
2,17,118,E07,10
2,17,119,E07,10
2,9,8,E08,34
2,9,9,E08,34
2,9,10,E08,34
2,9,11,E08,34
2,9,12,E08,34
2,9,13,E08,34
2,9,14,E08,34
2,9,29,E08,40
2,9,30,E08,40
2,9,31,E08,40
2,9,32,E08,40
2,9,33,E08,40
2,9,34,E08,40
2,9,35,E08,40
2,9,50,E08,28
2,9,51,E08,28
2,9,52,E08,28
2,9,53,E08,28
2,9,54,E08,28
2,9,55,E08,28
2,9,56,E08,28
2,9,71,E08,22
2,9,72,E08,22
2,9,73,E08,22
2,9,74,E08,22
2,9,75,E08,22
2,9,76,E08,22
2,9,77,E08,22
2,9,92,E08,16
2,9,93,E08,16
2,9,94,E08,16
2,9,95,E08,16
2,9,96,E08,16
2,9,97,E08,16
2,9,98,E08,16
2,9,113,E08,10
2,9,114,E08,10
2,9,115,E08,10
2,9,116,E08,10
2,9,117,E08,10
2,9,118,E08,10
2,9,119,E08,10
2,21,8,E09,34
2,21,9,E09,34
2,21,10,E09,34
2,21,11,E09,34
2,21,12,E09,34
2,21,13,E09,34
2,21,14,E09,34
2,21,29,E09,40
2,21,30,E09,40
2,21,31,E09,40
2,21,32,E09,40
2,21,33,E09,40
2,21,34,E09,40
2,21,35,E09,40
2,21,50,E09,28
2,21,51,E09,28
2,21,52,E09,28
2,21,53,E09,28
2,21,54,E09,28
2,21,55,E09,28
2,21,56,E09,28
2,21,71,E09,22
2,21,72,E09,22
2,21,73,E09,22
2,21,74,E09,22
2,21,75,E09,22
2,21,76,E09,22
2,21,77,E09,22
2,21,92,E09,16
2,21,93,E09,16
2,21,94,E09,16
2,21,95,E09,16
2,21,96,E09,16
2,21,97,E09,16
2,21,98,E09,16
2,21,113,E09,10
2,21,114,E09,10
2,21,115,E09,10
2,21,116,E09,10
2,21,117,E09,10
2,21,118,E09,10
2,21,119,E09,10
2,22,8,E10,34
2,22,9,E10,34
2,22,10,E10,34
2,22,11,E10,34
2,22,12,E10,34
2,22,13,E10,34
2,22,14,E10,34
2,22,29,E10,40
2,22,30,E10,40
2,22,31,E10,40
2,22,32,E10,40
2,22,33,E10,40
2,22,34,E10,40
2,22,35,E10,40
2,22,50,E10,28
2,22,51,E10,28
2,22,52,E10,28
2,22,53,E10,28
2,22,54,E10,28
2,22,55,E10,28
2,22,56,E10,28
2,22,71,E10,22
2,22,72,E10,22
2,22,73,E10,22
2,22,74,E10,22
2,22,75,E10,22
2,22,76,E10,22
2,22,77,E10,22
2,22,92,E10,16
2,22,93,E10,16
2,22,94,E10,16
2,22,95,E10,16
2,22,96,E10,16
2,22,97,E10,16
2,22,98,E10,16
2,22,113,E10,10
2,22,114,E10,10
2,22,115,E10,10
2,22,116,E10,10
2,22,117,E10,10
2,22,118,E10,10
2,22,119,E10,10
2,18,8,E11,34
2,18,9,E11,34
2,18,10,E11,34
2,18,11,E11,34
2,18,12,E11,34
2,18,13,E11,34
2,18,14,E11,34
2,18,29,E11,40
2,18,30,E11,40
2,18,31,E11,40
2,18,32,E11,40
2,18,33,E11,40
2,18,34,E11,40
2,18,35,E11,40
2,18,50,E11,28
2,18,51,E11,28
2,18,52,E11,28
2,18,53,E11,28
2,18,54,E11,28
2,18,55,E11,28
2,18,56,E11,28
2,18,71,E11,22
2,18,72,E11,22
2,18,73,E11,22
2,18,74,E11,22
2,18,75,E11,22
2,18,76,E11,22
2,18,77,E11,22
2,18,92,E11,16
2,18,93,E11,16
2,18,94,E11,16
2,18,95,E11,16
2,18,96,E11,16
2,18,97,E11,16
2,18,98,E11,16
2,18,113,E11,10
2,18,114,E11,10
2,18,115,E11,10
2,18,116,E11,10
2,18,117,E11,10
2,18,118,E11,10
2,18,119,E11,10
2,28,8,F02,34
2,28,9,F02,34
2,28,10,F02,34
2,28,11,F02,34
2,28,12,F02,34
2,28,13,F02,34
2,28,14,F02,34
2,28,29,F02,40
2,28,30,F02,40
2,28,31,F02,40
2,28,32,F02,40
2,28,33,F02,40
2,28,34,F02,40
2,28,35,F02,40
2,28,50,F02,28
2,28,51,F02,28
2,28,52,F02,28
2,28,53,F02,28
2,28,54,F02,28
2,28,55,F02,28
2,28,56,F02,28
2,28,71,F02,22
2,28,72,F02,22
2,28,73,F02,22
2,28,74,F02,22
2,28,75,F02,22
2,28,76,F02,22
2,28,77,F02,22
2,28,92,F02,16
2,28,93,F02,16
2,28,94,F02,16
2,28,95,F02,16
2,28,96,F02,16
2,28,97,F02,16
2,28,98,F02,16
2,28,113,F02,10
2,28,114,F02,10
2,28,115,F02,10
2,28,116,F02,10
2,28,117,F02,10
2,28,118,F02,10
2,28,119,F02,10
2,4,8,F03,34
2,4,9,F03,34
2,4,10,F03,34
2,4,11,F03,34
2,4,12,F03,34
2,4,13,F03,34
2,4,14,F03,34
2,4,29,F03,40
2,4,30,F03,40
2,4,31,F03,40
2,4,32,F03,40
2,4,33,F03,40
2,4,34,F03,40
2,4,35,F03,40
2,4,50,F03,28
2,4,51,F03,28
2,4,52,F03,28
2,4,53,F03,28
2,4,54,F03,28
2,4,55,F03,28
2,4,56,F03,28
2,4,71,F03,22
2,4,72,F03,22
2,4,73,F03,22
2,4,74,F03,22
2,4,75,F03,22
2,4,76,F03,22
2,4,77,F03,22
2,4,92,F03,16
2,4,93,F03,16
2,4,94,F03,16
2,4,95,F03,16
2,4,96,F03,16
2,4,97,F03,16
2,4,98,F03,16
2,4,113,F03,10
2,4,114,F03,10
2,4,115,F03,10
2,4,116,F03,10
2,4,117,F03,10
2,4,118,F03,10
2,4,119,F03,10
2,21,8,F04,34
2,21,9,F04,34
2,21,10,F04,34
2,21,11,F04,34
2,21,12,F04,34
2,21,13,F04,34
2,21,14,F04,34
2,21,29,F04,40
2,21,30,F04,40
2,21,31,F04,40
2,21,32,F04,40
2,21,33,F04,40
2,21,34,F04,40
2,21,35,F04,40
2,21,50,F04,28
2,21,51,F04,28
2,21,52,F04,28
2,21,53,F04,28
2,21,54,F04,28
2,21,55,F04,28
2,21,56,F04,28
2,21,71,F04,22
2,21,72,F04,22
2,21,73,F04,22
2,21,74,F04,22
2,21,75,F04,22
2,21,76,F04,22
2,21,77,F04,22
2,21,92,F04,16
2,21,93,F04,16
2,21,94,F04,16
2,21,95,F04,16
2,21,96,F04,16
2,21,97,F04,16
2,21,98,F04,16
2,21,113,F04,10
2,21,114,F04,10
2,21,115,F04,10
2,21,116,F04,10
2,21,117,F04,10
2,21,118,F04,10
2,21,119,F04,10
2,17,8,F05,34
2,17,9,F05,34
2,17,10,F05,34
2,17,11,F05,34
2,17,12,F05,34
2,17,13,F05,34
2,17,14,F05,34
2,17,29,F05,40
2,17,30,F05,40
2,17,31,F05,40
2,17,32,F05,40
2,17,33,F05,40
2,17,34,F05,40
2,17,35,F05,40
2,17,50,F05,28
2,17,51,F05,28
2,17,52,F05,28
2,17,53,F05,28
2,17,54,F05,28
2,17,55,F05,28
2,17,56,F05,28
2,17,71,F05,22
2,17,72,F05,22
2,17,73,F05,22
2,17,74,F05,22
2,17,75,F05,22
2,17,76,F05,22
2,17,77,F05,22
2,17,92,F05,16
2,17,93,F05,16
2,17,94,F05,16
2,17,95,F05,16
2,17,96,F05,16
2,17,97,F05,16
2,17,98,F05,16
2,17,113,F05,10
2,17,114,F05,10
2,17,115,F05,10
2,17,116,F05,10
2,17,117,F05,10
2,17,118,F05,10
2,17,119,F05,10
2,22,8,F06,34
2,22,9,F06,34
2,22,10,F06,34
2,22,11,F06,34
2,22,12,F06,34
2,22,13,F06,34
2,22,14,F06,34
2,22,29,F06,40
2,22,30,F06,40
2,22,31,F06,40
2,22,32,F06,40
2,22,33,F06,40
2,22,34,F06,40
2,22,35,F06,40
2,22,50,F06,28
2,22,51,F06,28
2,22,52,F06,28
2,22,53,F06,28
2,22,54,F06,28
2,22,55,F06,28
2,22,56,F06,28
2,22,71,F06,22
2,22,72,F06,22
2,22,73,F06,22
2,22,74,F06,22
2,22,75,F06,22
2,22,76,F06,22
2,22,77,F06,22
2,22,92,F06,16
2,22,93,F06,16
2,22,94,F06,16
2,22,95,F06,16
2,22,96,F06,16
2,22,97,F06,16
2,22,98,F06,16
2,22,113,F06,10
2,22,114,F06,10
2,22,115,F06,10
2,22,116,F06,10
2,22,117,F06,10
2,22,118,F06,10
2,22,119,F06,10
2,35,8,F07,34
2,35,9,F07,34
2,35,10,F07,34
2,35,11,F07,34
2,35,12,F07,34
2,35,13,F07,34
2,35,14,F07,34
2,35,29,F07,40
2,35,30,F07,40
2,35,31,F07,40
2,35,32,F07,40
2,35,33,F07,40
2,35,34,F07,40
2,35,35,F07,40
2,35,50,F07,28
2,35,51,F07,28
2,35,52,F07,28
2,35,53,F07,28
2,35,54,F07,28
2,35,55,F07,28
2,35,56,F07,28
2,35,71,F07,22
2,35,72,F07,22
2,35,73,F07,22
2,35,74,F07,22
2,35,75,F07,22
2,35,76,F07,22
2,35,77,F07,22
2,35,92,F07,16
2,35,93,F07,16
2,35,94,F07,16
2,35,95,F07,16
2,35,96,F07,16
2,35,97,F07,16
2,35,98,F07,16
2,35,113,F07,10
2,35,114,F07,10
2,35,115,F07,10
2,35,116,F07,10
2,35,117,F07,10
2,35,118,F07,10
2,35,119,F07,10
2,31,8,F08,34
2,31,9,F08,34
2,31,10,F08,34
2,31,11,F08,34
2,31,12,F08,34
2,31,13,F08,34
2,31,14,F08,34
2,31,29,F08,40
2,31,30,F08,40
2,31,31,F08,40
2,31,32,F08,40
2,31,33,F08,40
2,31,34,F08,40
2,31,35,F08,40
2,31,50,F08,28
2,31,51,F08,28
2,31,52,F08,28
2,31,53,F08,28
2,31,54,F08,28
2,31,55,F08,28
2,31,56,F08,28
2,31,71,F08,22
2,31,72,F08,22
2,31,73,F08,22
2,31,74,F08,22
2,31,75,F08,22
2,31,76,F08,22
2,31,77,F08,22
2,31,92,F08,16
2,31,93,F08,16
2,31,94,F08,16
2,31,95,F08,16
2,31,96,F08,16
2,31,97,F08,16
2,31,98,F08,16
2,31,113,F08,10
2,31,114,F08,10
2,31,115,F08,10
2,31,116,F08,10
2,31,117,F08,10
2,31,118,F08,10
2,31,119,F08,10
2,2,8,F09,34
2,2,9,F09,34
2,2,10,F09,34
2,2,11,F09,34
2,2,12,F09,34
2,2,13,F09,34
2,2,14,F09,34
2,2,29,F09,40
2,2,30,F09,40
2,2,31,F09,40
2,2,32,F09,40
2,2,33,F09,40
2,2,34,F09,40
2,2,35,F09,40
2,2,50,F09,28
2,2,51,F09,28
2,2,52,F09,28
2,2,53,F09,28
2,2,54,F09,28
2,2,55,F09,28
2,2,56,F09,28
2,2,71,F09,22
2,2,72,F09,22
2,2,73,F09,22
2,2,74,F09,22
2,2,75,F09,22
2,2,76,F09,22
2,2,77,F09,22
2,2,92,F09,16
2,2,93,F09,16
2,2,94,F09,16
2,2,95,F09,16
2,2,96,F09,16
2,2,97,F09,16
2,2,98,F09,16
2,2,113,F09,10
2,2,114,F09,10
2,2,115,F09,10
2,2,116,F09,10
2,2,117,F09,10
2,2,118,F09,10
2,2,119,F09,10
2,anc2,8,F10,34
2,anc2,9,F10,34
2,anc2,10,F10,34
2,anc2,11,F10,34
2,anc2,12,F10,34
2,anc2,13,F10,34
2,anc2,14,F10,34
2,anc2,29,F10,40
2,anc2,30,F10,40
2,anc2,31,F10,40
2,anc2,32,F10,40
2,anc2,33,F10,40
2,anc2,34,F10,40
2,anc2,35,F10,40
2,anc2,50,F10,28
2,anc2,51,F10,28
2,anc2,52,F10,28
2,anc2,53,F10,28
2,anc2,54,F10,28
2,anc2,55,F10,28
2,anc2,56,F10,28
2,anc2,71,F10,22
2,anc2,72,F10,22
2,anc2,73,F10,22
2,anc2,74,F10,22
2,anc2,75,F10,22
2,anc2,76,F10,22
2,anc2,77,F10,22
2,anc2,92,F10,16
2,anc2,93,F10,16
2,anc2,94,F10,16
2,anc2,95,F10,16
2,anc2,96,F10,16
2,anc2,97,F10,16
2,anc2,98,F10,16
2,anc2,113,F10,10
2,anc2,114,F10,10
2,anc2,115,F10,10
2,anc2,116,F10,10
2,anc2,117,F10,10
2,anc2,118,F10,10
2,anc2,119,F10,10
2,26,8,F11,34
2,26,9,F11,34
2,26,10,F11,34
2,26,11,F11,34
2,26,12,F11,34
2,26,13,F11,34
2,26,14,F11,34
2,26,29,F11,40
2,26,30,F11,40
2,26,31,F11,40
2,26,32,F11,40
2,26,33,F11,40
2,26,34,F11,40
2,26,35,F11,40
2,26,50,F11,28
2,26,51,F11,28
2,26,52,F11,28
2,26,53,F11,28
2,26,54,F11,28
2,26,55,F11,28
2,26,56,F11,28
2,26,71,F11,22
2,26,72,F11,22
2,26,73,F11,22
2,26,74,F11,22
2,26,75,F11,22
2,26,76,F11,22
2,26,77,F11,22
2,26,92,F11,16
2,26,93,F11,16
2,26,94,F11,16
2,26,95,F11,16
2,26,96,F11,16
2,26,97,F11,16
2,26,98,F11,16
2,26,113,F11,10
2,26,114,F11,10
2,26,115,F11,10
2,26,116,F11,10
2,26,117,F11,10
2,26,118,F11,10
2,26,119,F11,10
2,27,8,G02,34
2,27,9,G02,34
2,27,10,G02,34
2,27,11,G02,34
2,27,12,G02,34
2,27,13,G02,34
2,27,14,G02,34
2,27,29,G02,40
2,27,30,G02,40
2,27,31,G02,40
2,27,32,G02,40
2,27,33,G02,40
2,27,34,G02,40
2,27,35,G02,40
2,27,50,G02,28
2,27,51,G02,28
2,27,52,G02,28
2,27,53,G02,28
2,27,54,G02,28
2,27,55,G02,28
2,27,56,G02,28
2,27,71,G02,22
2,27,72,G02,22
2,27,73,G02,22
2,27,74,G02,22
2,27,75,G02,22
2,27,76,G02,22
2,27,77,G02,22
2,27,92,G02,16
2,27,93,G02,16
2,27,94,G02,16
2,27,95,G02,16
2,27,96,G02,16
2,27,97,G02,16
2,27,98,G02,16
2,27,113,G02,10
2,27,114,G02,10
2,27,115,G02,10
2,27,116,G02,10
2,27,117,G02,10
2,27,118,G02,10
2,27,119,G02,10
2,9,8,G03,34
2,9,9,G03,34
2,9,10,G03,34
2,9,11,G03,34
2,9,12,G03,34
2,9,13,G03,34
2,9,14,G03,34
2,9,29,G03,40
2,9,30,G03,40
2,9,31,G03,40
2,9,32,G03,40
2,9,33,G03,40
2,9,34,G03,40
2,9,35,G03,40
2,9,50,G03,28
2,9,51,G03,28
2,9,52,G03,28
2,9,53,G03,28
2,9,54,G03,28
2,9,55,G03,28
2,9,56,G03,28
2,9,71,G03,22
2,9,72,G03,22
2,9,73,G03,22
2,9,74,G03,22
2,9,75,G03,22
2,9,76,G03,22
2,9,77,G03,22
2,9,92,G03,16
2,9,93,G03,16
2,9,94,G03,16
2,9,95,G03,16
2,9,96,G03,16
2,9,97,G03,16
2,9,98,G03,16
2,9,113,G03,10
2,9,114,G03,10
2,9,115,G03,10
2,9,116,G03,10
2,9,117,G03,10
2,9,118,G03,10
2,9,119,G03,10
3,15,15,B02,34
3,15,16,B02,34
3,15,17,B02,34
3,15,18,B02,34
3,15,19,B02,34
3,15,20,B02,34
3,15,21,B02,34
3,15,36,B02,40
3,15,37,B02,40
3,15,38,B02,40
3,15,39,B02,40
3,15,40,B02,40
3,15,41,B02,40
3,15,42,B02,40
3,15,57,B02,28
3,15,58,B02,28
3,15,59,B02,28
3,15,60,B02,28
3,15,61,B02,28
3,15,62,B02,28
3,15,63,B02,28
3,15,78,B02,22
3,15,79,B02,22
3,15,80,B02,22
3,15,81,B02,22
3,15,82,B02,22
3,15,83,B02,22
3,15,84,B02,22
3,15,99,B02,16
3,15,100,B02,16
3,15,101,B02,16
3,15,102,B02,16
3,15,103,B02,16
3,15,104,B02,16
3,15,105,B02,16
3,15,120,B02,10
3,15,121,B02,10
3,15,122,B02,10
3,15,123,B02,10
3,15,124,B02,10
3,15,125,B02,10
3,15,126,B02,10
3,3,15,B03,34
3,3,16,B03,34
3,3,17,B03,34
3,3,18,B03,34
3,3,19,B03,34
3,3,20,B03,34
3,3,21,B03,34
3,3,36,B03,40
3,3,37,B03,40
3,3,38,B03,40
3,3,39,B03,40
3,3,40,B03,40
3,3,41,B03,40
3,3,42,B03,40
3,3,57,B03,28
3,3,58,B03,28
3,3,59,B03,28
3,3,60,B03,28
3,3,61,B03,28
3,3,62,B03,28
3,3,63,B03,28
3,3,78,B03,22
3,3,79,B03,22
3,3,80,B03,22
3,3,81,B03,22
3,3,82,B03,22
3,3,83,B03,22
3,3,84,B03,22
3,3,99,B03,16
3,3,100,B03,16
3,3,101,B03,16
3,3,102,B03,16
3,3,103,B03,16
3,3,104,B03,16
3,3,105,B03,16
3,3,120,B03,10
3,3,121,B03,10
3,3,122,B03,10
3,3,123,B03,10
3,3,124,B03,10
3,3,125,B03,10
3,3,126,B03,10
3,cc1690,15,B04,34
3,cc1690,16,B04,34
3,cc1690,17,B04,34
3,cc1690,18,B04,34
3,cc1690,19,B04,34
3,cc1690,20,B04,34
3,cc1690,21,B04,34
3,cc1690,36,B04,40
3,cc1690,37,B04,40
3,cc1690,38,B04,40
3,cc1690,39,B04,40
3,cc1690,40,B04,40
3,cc1690,41,B04,40
3,cc1690,42,B04,40
3,cc1690,57,B04,28
3,cc1690,58,B04,28
3,cc1690,59,B04,28
3,cc1690,60,B04,28
3,cc1690,61,B04,28
3,cc1690,62,B04,28
3,cc1690,63,B04,28
3,cc1690,78,B04,22
3,cc1690,79,B04,22
3,cc1690,80,B04,22
3,cc1690,81,B04,22
3,cc1690,82,B04,22
3,cc1690,83,B04,22
3,cc1690,84,B04,22
3,cc1690,99,B04,16
3,cc1690,100,B04,16
3,cc1690,101,B04,16
3,cc1690,102,B04,16
3,cc1690,103,B04,16
3,cc1690,104,B04,16
3,cc1690,105,B04,16
3,cc1690,120,B04,10
3,cc1690,121,B04,10
3,cc1690,122,B04,10
3,cc1690,123,B04,10
3,cc1690,124,B04,10
3,cc1690,125,B04,10
3,cc1690,126,B04,10
3,16,15,B05,34
3,16,16,B05,34
3,16,17,B05,34
3,16,18,B05,34
3,16,19,B05,34
3,16,20,B05,34
3,16,21,B05,34
3,16,36,B05,40
3,16,37,B05,40
3,16,38,B05,40
3,16,39,B05,40
3,16,40,B05,40
3,16,41,B05,40
3,16,42,B05,40
3,16,57,B05,28
3,16,58,B05,28
3,16,59,B05,28
3,16,60,B05,28
3,16,61,B05,28
3,16,62,B05,28
3,16,63,B05,28
3,16,78,B05,22
3,16,79,B05,22
3,16,80,B05,22
3,16,81,B05,22
3,16,82,B05,22
3,16,83,B05,22
3,16,84,B05,22
3,16,99,B05,16
3,16,100,B05,16
3,16,101,B05,16
3,16,102,B05,16
3,16,103,B05,16
3,16,104,B05,16
3,16,105,B05,16
3,16,120,B05,10
3,16,121,B05,10
3,16,122,B05,10
3,16,123,B05,10
3,16,124,B05,10
3,16,125,B05,10
3,16,126,B05,10
3,20,15,B06,34
3,20,16,B06,34
3,20,17,B06,34
3,20,18,B06,34
3,20,19,B06,34
3,20,20,B06,34
3,20,21,B06,34
3,20,36,B06,40
3,20,37,B06,40
3,20,38,B06,40
3,20,39,B06,40
3,20,40,B06,40
3,20,41,B06,40
3,20,42,B06,40
3,20,57,B06,28
3,20,58,B06,28
3,20,59,B06,28
3,20,60,B06,28
3,20,61,B06,28
3,20,62,B06,28
3,20,63,B06,28
3,20,78,B06,22
3,20,79,B06,22
3,20,80,B06,22
3,20,81,B06,22
3,20,82,B06,22
3,20,83,B06,22
3,20,84,B06,22
3,20,99,B06,16
3,20,100,B06,16
3,20,101,B06,16
3,20,102,B06,16
3,20,103,B06,16
3,20,104,B06,16
3,20,105,B06,16
3,20,120,B06,10
3,20,121,B06,10
3,20,122,B06,10
3,20,123,B06,10
3,20,124,B06,10
3,20,125,B06,10
3,20,126,B06,10
3,anc3,15,B07,34
3,anc3,16,B07,34
3,anc3,17,B07,34
3,anc3,18,B07,34
3,anc3,19,B07,34
3,anc3,20,B07,34
3,anc3,21,B07,34
3,anc3,36,B07,40
3,anc3,37,B07,40
3,anc3,38,B07,40
3,anc3,39,B07,40
3,anc3,40,B07,40
3,anc3,41,B07,40
3,anc3,42,B07,40
3,anc3,57,B07,28
3,anc3,58,B07,28
3,anc3,59,B07,28
3,anc3,60,B07,28
3,anc3,61,B07,28
3,anc3,62,B07,28
3,anc3,63,B07,28
3,anc3,78,B07,22
3,anc3,79,B07,22
3,anc3,80,B07,22
3,anc3,81,B07,22
3,anc3,82,B07,22
3,anc3,83,B07,22
3,anc3,84,B07,22
3,anc3,99,B07,16
3,anc3,100,B07,16
3,anc3,101,B07,16
3,anc3,102,B07,16
3,anc3,103,B07,16
3,anc3,104,B07,16
3,anc3,105,B07,16
3,anc3,120,B07,10
3,anc3,121,B07,10
3,anc3,122,B07,10
3,anc3,123,B07,10
3,anc3,124,B07,10
3,anc3,125,B07,10
3,anc3,126,B07,10
3,7,15,B08,34
3,7,16,B08,34
3,7,17,B08,34
3,7,18,B08,34
3,7,19,B08,34
3,7,20,B08,34
3,7,21,B08,34
3,7,36,B08,40
3,7,37,B08,40
3,7,38,B08,40
3,7,39,B08,40
3,7,40,B08,40
3,7,41,B08,40
3,7,42,B08,40
3,7,57,B08,28
3,7,58,B08,28
3,7,59,B08,28
3,7,60,B08,28
3,7,61,B08,28
3,7,62,B08,28
3,7,63,B08,28
3,7,78,B08,22
3,7,79,B08,22
3,7,80,B08,22
3,7,81,B08,22
3,7,82,B08,22
3,7,83,B08,22
3,7,84,B08,22
3,7,99,B08,16
3,7,100,B08,16
3,7,101,B08,16
3,7,102,B08,16
3,7,103,B08,16
3,7,104,B08,16
3,7,105,B08,16
3,7,120,B08,10
3,7,121,B08,10
3,7,122,B08,10
3,7,123,B08,10
3,7,124,B08,10
3,7,125,B08,10
3,7,126,B08,10
3,5,15,B09,34
3,5,16,B09,34
3,5,17,B09,34
3,5,18,B09,34
3,5,19,B09,34
3,5,20,B09,34
3,5,21,B09,34
3,5,36,B09,40
3,5,37,B09,40
3,5,38,B09,40
3,5,39,B09,40
3,5,40,B09,40
3,5,41,B09,40
3,5,42,B09,40
3,5,57,B09,28
3,5,58,B09,28
3,5,59,B09,28
3,5,60,B09,28
3,5,61,B09,28
3,5,62,B09,28
3,5,63,B09,28
3,5,78,B09,22
3,5,79,B09,22
3,5,80,B09,22
3,5,81,B09,22
3,5,82,B09,22
3,5,83,B09,22
3,5,84,B09,22
3,5,99,B09,16
3,5,100,B09,16
3,5,101,B09,16
3,5,102,B09,16
3,5,103,B09,16
3,5,104,B09,16
3,5,105,B09,16
3,5,120,B09,10
3,5,121,B09,10
3,5,122,B09,10
3,5,123,B09,10
3,5,124,B09,10
3,5,125,B09,10
3,5,126,B09,10
3,29,15,B10,34
3,29,16,B10,34
3,29,17,B10,34
3,29,18,B10,34
3,29,19,B10,34
3,29,20,B10,34
3,29,21,B10,34
3,29,36,B10,40
3,29,37,B10,40
3,29,38,B10,40
3,29,39,B10,40
3,29,40,B10,40
3,29,41,B10,40
3,29,42,B10,40
3,29,57,B10,28
3,29,58,B10,28
3,29,59,B10,28
3,29,60,B10,28
3,29,61,B10,28
3,29,62,B10,28
3,29,63,B10,28
3,29,78,B10,22
3,29,79,B10,22
3,29,80,B10,22
3,29,81,B10,22
3,29,82,B10,22
3,29,83,B10,22
3,29,84,B10,22
3,29,99,B10,16
3,29,100,B10,16
3,29,101,B10,16
3,29,102,B10,16
3,29,103,B10,16
3,29,104,B10,16
3,29,105,B10,16
3,29,120,B10,10
3,29,121,B10,10
3,29,122,B10,10
3,29,123,B10,10
3,29,124,B10,10
3,29,125,B10,10
3,29,126,B10,10
3,anc4,15,B11,34
3,anc4,16,B11,34
3,anc4,17,B11,34
3,anc4,18,B11,34
3,anc4,19,B11,34
3,anc4,20,B11,34
3,anc4,21,B11,34
3,anc4,36,B11,40
3,anc4,37,B11,40
3,anc4,38,B11,40
3,anc4,39,B11,40
3,anc4,40,B11,40
3,anc4,41,B11,40
3,anc4,42,B11,40
3,anc4,57,B11,28
3,anc4,58,B11,28
3,anc4,59,B11,28
3,anc4,60,B11,28
3,anc4,61,B11,28
3,anc4,62,B11,28
3,anc4,63,B11,28
3,anc4,78,B11,22
3,anc4,79,B11,22
3,anc4,80,B11,22
3,anc4,81,B11,22
3,anc4,82,B11,22
3,anc4,83,B11,22
3,anc4,84,B11,22
3,anc4,99,B11,16
3,anc4,100,B11,16
3,anc4,101,B11,16
3,anc4,102,B11,16
3,anc4,103,B11,16
3,anc4,104,B11,16
3,anc4,105,B11,16
3,anc4,120,B11,10
3,anc4,121,B11,10
3,anc4,122,B11,10
3,anc4,123,B11,10
3,anc4,124,B11,10
3,anc4,125,B11,10
3,anc4,126,B11,10
3,10,15,C02,34
3,10,16,C02,34
3,10,17,C02,34
3,10,18,C02,34
3,10,19,C02,34
3,10,20,C02,34
3,10,21,C02,34
3,10,36,C02,40
3,10,37,C02,40
3,10,38,C02,40
3,10,39,C02,40
3,10,40,C02,40
3,10,41,C02,40
3,10,42,C02,40
3,10,57,C02,28
3,10,58,C02,28
3,10,59,C02,28
3,10,60,C02,28
3,10,61,C02,28
3,10,62,C02,28
3,10,63,C02,28
3,10,78,C02,22
3,10,79,C02,22
3,10,80,C02,22
3,10,81,C02,22
3,10,82,C02,22
3,10,83,C02,22
3,10,84,C02,22
3,10,99,C02,16
3,10,100,C02,16
3,10,101,C02,16
3,10,102,C02,16
3,10,103,C02,16
3,10,104,C02,16
3,10,105,C02,16
3,10,120,C02,10
3,10,121,C02,10
3,10,122,C02,10
3,10,123,C02,10
3,10,124,C02,10
3,10,125,C02,10
3,10,126,C02,10
3,30,15,C03,34
3,30,16,C03,34
3,30,17,C03,34
3,30,18,C03,34
3,30,19,C03,34
3,30,20,C03,34
3,30,21,C03,34
3,30,36,C03,40
3,30,37,C03,40
3,30,38,C03,40
3,30,39,C03,40
3,30,40,C03,40
3,30,41,C03,40
3,30,42,C03,40
3,30,57,C03,28
3,30,58,C03,28
3,30,59,C03,28
3,30,60,C03,28
3,30,61,C03,28
3,30,62,C03,28
3,30,63,C03,28
3,30,78,C03,22
3,30,79,C03,22
3,30,80,C03,22
3,30,81,C03,22
3,30,82,C03,22
3,30,83,C03,22
3,30,84,C03,22
3,30,99,C03,16
3,30,100,C03,16
3,30,101,C03,16
3,30,102,C03,16
3,30,103,C03,16
3,30,104,C03,16
3,30,105,C03,16
3,30,120,C03,10
3,30,121,C03,10
3,30,122,C03,10
3,30,123,C03,10
3,30,124,C03,10
3,30,125,C03,10
3,30,126,C03,10
3,5,15,C04,34
3,5,16,C04,34
3,5,17,C04,34
3,5,18,C04,34
3,5,19,C04,34
3,5,20,C04,34
3,5,21,C04,34
3,5,36,C04,40
3,5,37,C04,40
3,5,38,C04,40
3,5,39,C04,40
3,5,40,C04,40
3,5,41,C04,40
3,5,42,C04,40
3,5,57,C04,28
3,5,58,C04,28
3,5,59,C04,28
3,5,60,C04,28
3,5,61,C04,28
3,5,62,C04,28
3,5,63,C04,28
3,5,78,C04,22
3,5,79,C04,22
3,5,80,C04,22
3,5,81,C04,22
3,5,82,C04,22
3,5,83,C04,22
3,5,84,C04,22
3,5,99,C04,16
3,5,100,C04,16
3,5,101,C04,16
3,5,102,C04,16
3,5,103,C04,16
3,5,104,C04,16
3,5,105,C04,16
3,5,120,C04,10
3,5,121,C04,10
3,5,122,C04,10
3,5,123,C04,10
3,5,124,C04,10
3,5,125,C04,10
3,5,126,C04,10
3,cc1690,15,C05,34
3,cc1690,16,C05,34
3,cc1690,17,C05,34
3,cc1690,18,C05,34
3,cc1690,19,C05,34
3,cc1690,20,C05,34
3,cc1690,21,C05,34
3,cc1690,36,C05,40
3,cc1690,37,C05,40
3,cc1690,38,C05,40
3,cc1690,39,C05,40
3,cc1690,40,C05,40
3,cc1690,41,C05,40
3,cc1690,42,C05,40
3,cc1690,57,C05,28
3,cc1690,58,C05,28
3,cc1690,59,C05,28
3,cc1690,60,C05,28
3,cc1690,61,C05,28
3,cc1690,62,C05,28
3,cc1690,63,C05,28
3,cc1690,78,C05,22
3,cc1690,79,C05,22
3,cc1690,80,C05,22
3,cc1690,81,C05,22
3,cc1690,82,C05,22
3,cc1690,83,C05,22
3,cc1690,84,C05,22
3,cc1690,99,C05,16
3,cc1690,100,C05,16
3,cc1690,101,C05,16
3,cc1690,102,C05,16
3,cc1690,103,C05,16
3,cc1690,104,C05,16
3,cc1690,105,C05,16
3,cc1690,120,C05,10
3,cc1690,121,C05,10
3,cc1690,122,C05,10
3,cc1690,123,C05,10
3,cc1690,124,C05,10
3,cc1690,125,C05,10
3,cc1690,126,C05,10
3,anc3,15,C06,34
3,anc3,16,C06,34
3,anc3,17,C06,34
3,anc3,18,C06,34
3,anc3,19,C06,34
3,anc3,20,C06,34
3,anc3,21,C06,34
3,anc3,36,C06,40
3,anc3,37,C06,40
3,anc3,38,C06,40
3,anc3,39,C06,40
3,anc3,40,C06,40
3,anc3,41,C06,40
3,anc3,42,C06,40
3,anc3,57,C06,28
3,anc3,58,C06,28
3,anc3,59,C06,28
3,anc3,60,C06,28
3,anc3,61,C06,28
3,anc3,62,C06,28
3,anc3,63,C06,28
3,anc3,78,C06,22
3,anc3,79,C06,22
3,anc3,80,C06,22
3,anc3,81,C06,22
3,anc3,82,C06,22
3,anc3,83,C06,22
3,anc3,84,C06,22
3,anc3,99,C06,16
3,anc3,100,C06,16
3,anc3,101,C06,16
3,anc3,102,C06,16
3,anc3,103,C06,16
3,anc3,104,C06,16
3,anc3,105,C06,16
3,anc3,120,C06,10
3,anc3,121,C06,10
3,anc3,122,C06,10
3,anc3,123,C06,10
3,anc3,124,C06,10
3,anc3,125,C06,10
3,anc3,126,C06,10
3,7,15,C07,34
3,7,16,C07,34
3,7,17,C07,34
3,7,18,C07,34
3,7,19,C07,34
3,7,20,C07,34
3,7,21,C07,34
3,7,36,C07,40
3,7,37,C07,40
3,7,38,C07,40
3,7,39,C07,40
3,7,40,C07,40
3,7,41,C07,40
3,7,42,C07,40
3,7,57,C07,28
3,7,58,C07,28
3,7,59,C07,28
3,7,60,C07,28
3,7,61,C07,28
3,7,62,C07,28
3,7,63,C07,28
3,7,78,C07,22
3,7,79,C07,22
3,7,80,C07,22
3,7,81,C07,22
3,7,82,C07,22
3,7,83,C07,22
3,7,84,C07,22
3,7,99,C07,16
3,7,100,C07,16
3,7,101,C07,16
3,7,102,C07,16
3,7,103,C07,16
3,7,104,C07,16
3,7,105,C07,16
3,7,120,C07,10
3,7,121,C07,10
3,7,122,C07,10
3,7,123,C07,10
3,7,124,C07,10
3,7,125,C07,10
3,7,126,C07,10
3,16,15,C08,34
3,16,16,C08,34
3,16,17,C08,34
3,16,18,C08,34
3,16,19,C08,34
3,16,20,C08,34
3,16,21,C08,34
3,16,36,C08,40
3,16,37,C08,40
3,16,38,C08,40
3,16,39,C08,40
3,16,40,C08,40
3,16,41,C08,40
3,16,42,C08,40
3,16,57,C08,28
3,16,58,C08,28
3,16,59,C08,28
3,16,60,C08,28
3,16,61,C08,28
3,16,62,C08,28
3,16,63,C08,28
3,16,78,C08,22
3,16,79,C08,22
3,16,80,C08,22
3,16,81,C08,22
3,16,82,C08,22
3,16,83,C08,22
3,16,84,C08,22
3,16,99,C08,16
3,16,100,C08,16
3,16,101,C08,16
3,16,102,C08,16
3,16,103,C08,16
3,16,104,C08,16
3,16,105,C08,16
3,16,120,C08,10
3,16,121,C08,10
3,16,122,C08,10
3,16,123,C08,10
3,16,124,C08,10
3,16,125,C08,10
3,16,126,C08,10
3,30,15,C09,34
3,30,16,C09,34
3,30,17,C09,34
3,30,18,C09,34
3,30,19,C09,34
3,30,20,C09,34
3,30,21,C09,34
3,30,36,C09,40
3,30,37,C09,40
3,30,38,C09,40
3,30,39,C09,40
3,30,40,C09,40
3,30,41,C09,40
3,30,42,C09,40
3,30,57,C09,28
3,30,58,C09,28
3,30,59,C09,28
3,30,60,C09,28
3,30,61,C09,28
3,30,62,C09,28
3,30,63,C09,28
3,30,78,C09,22
3,30,79,C09,22
3,30,80,C09,22
3,30,81,C09,22
3,30,82,C09,22
3,30,83,C09,22
3,30,84,C09,22
3,30,99,C09,16
3,30,100,C09,16
3,30,101,C09,16
3,30,102,C09,16
3,30,103,C09,16
3,30,104,C09,16
3,30,105,C09,16
3,30,120,C09,10
3,30,121,C09,10
3,30,122,C09,10
3,30,123,C09,10
3,30,124,C09,10
3,30,125,C09,10
3,30,126,C09,10
3,3,15,C10,34
3,3,16,C10,34
3,3,17,C10,34
3,3,18,C10,34
3,3,19,C10,34
3,3,20,C10,34
3,3,21,C10,34
3,3,36,C10,40
3,3,37,C10,40
3,3,38,C10,40
3,3,39,C10,40
3,3,40,C10,40
3,3,41,C10,40
3,3,42,C10,40
3,3,57,C10,28
3,3,58,C10,28
3,3,59,C10,28
3,3,60,C10,28
3,3,61,C10,28
3,3,62,C10,28
3,3,63,C10,28
3,3,78,C10,22
3,3,79,C10,22
3,3,80,C10,22
3,3,81,C10,22
3,3,82,C10,22
3,3,83,C10,22
3,3,84,C10,22
3,3,99,C10,16
3,3,100,C10,16
3,3,101,C10,16
3,3,102,C10,16
3,3,103,C10,16
3,3,104,C10,16
3,3,105,C10,16
3,3,120,C10,10
3,3,121,C10,10
3,3,122,C10,10
3,3,123,C10,10
3,3,124,C10,10
3,3,125,C10,10
3,3,126,C10,10
3,15,15,C11,34
3,15,16,C11,34
3,15,17,C11,34
3,15,18,C11,34
3,15,19,C11,34
3,15,20,C11,34
3,15,21,C11,34
3,15,36,C11,40
3,15,37,C11,40
3,15,38,C11,40
3,15,39,C11,40
3,15,40,C11,40
3,15,41,C11,40
3,15,42,C11,40
3,15,57,C11,28
3,15,58,C11,28
3,15,59,C11,28
3,15,60,C11,28
3,15,61,C11,28
3,15,62,C11,28
3,15,63,C11,28
3,15,78,C11,22
3,15,79,C11,22
3,15,80,C11,22
3,15,81,C11,22
3,15,82,C11,22
3,15,83,C11,22
3,15,84,C11,22
3,15,99,C11,16
3,15,100,C11,16
3,15,101,C11,16
3,15,102,C11,16
3,15,103,C11,16
3,15,104,C11,16
3,15,105,C11,16
3,15,120,C11,10
3,15,121,C11,10
3,15,122,C11,10
3,15,123,C11,10
3,15,124,C11,10
3,15,125,C11,10
3,15,126,C11,10
3,29,15,D02,34
3,29,16,D02,34
3,29,17,D02,34
3,29,18,D02,34
3,29,19,D02,34
3,29,20,D02,34
3,29,21,D02,34
3,29,36,D02,40
3,29,37,D02,40
3,29,38,D02,40
3,29,39,D02,40
3,29,40,D02,40
3,29,41,D02,40
3,29,42,D02,40
3,29,57,D02,28
3,29,58,D02,28
3,29,59,D02,28
3,29,60,D02,28
3,29,61,D02,28
3,29,62,D02,28
3,29,63,D02,28
3,29,78,D02,22
3,29,79,D02,22
3,29,80,D02,22
3,29,81,D02,22
3,29,82,D02,22
3,29,83,D02,22
3,29,84,D02,22
3,29,99,D02,16
3,29,100,D02,16
3,29,101,D02,16
3,29,102,D02,16
3,29,103,D02,16
3,29,104,D02,16
3,29,105,D02,16
3,29,120,D02,10
3,29,121,D02,10
3,29,122,D02,10
3,29,123,D02,10
3,29,124,D02,10
3,29,125,D02,10
3,29,126,D02,10
3,20,15,D03,34
3,20,16,D03,34
3,20,17,D03,34
3,20,18,D03,34
3,20,19,D03,34
3,20,20,D03,34
3,20,21,D03,34
3,20,36,D03,40
3,20,37,D03,40
3,20,38,D03,40
3,20,39,D03,40
3,20,40,D03,40
3,20,41,D03,40
3,20,42,D03,40
3,20,57,D03,28
3,20,58,D03,28
3,20,59,D03,28
3,20,60,D03,28
3,20,61,D03,28
3,20,62,D03,28
3,20,63,D03,28
3,20,78,D03,22
3,20,79,D03,22
3,20,80,D03,22
3,20,81,D03,22
3,20,82,D03,22
3,20,83,D03,22
3,20,84,D03,22
3,20,99,D03,16
3,20,100,D03,16
3,20,101,D03,16
3,20,102,D03,16
3,20,103,D03,16
3,20,104,D03,16
3,20,105,D03,16
3,20,120,D03,10
3,20,121,D03,10
3,20,122,D03,10
3,20,123,D03,10
3,20,124,D03,10
3,20,125,D03,10
3,20,126,D03,10
3,anc4,15,D04,34
3,anc4,16,D04,34
3,anc4,17,D04,34
3,anc4,18,D04,34
3,anc4,19,D04,34
3,anc4,20,D04,34
3,anc4,21,D04,34
3,anc4,36,D04,40
3,anc4,37,D04,40
3,anc4,38,D04,40
3,anc4,39,D04,40
3,anc4,40,D04,40
3,anc4,41,D04,40
3,anc4,42,D04,40
3,anc4,57,D04,28
3,anc4,58,D04,28
3,anc4,59,D04,28
3,anc4,60,D04,28
3,anc4,61,D04,28
3,anc4,62,D04,28
3,anc4,63,D04,28
3,anc4,78,D04,22
3,anc4,79,D04,22
3,anc4,80,D04,22
3,anc4,81,D04,22
3,anc4,82,D04,22
3,anc4,83,D04,22
3,anc4,84,D04,22
3,anc4,99,D04,16
3,anc4,100,D04,16
3,anc4,101,D04,16
3,anc4,102,D04,16
3,anc4,103,D04,16
3,anc4,104,D04,16
3,anc4,105,D04,16
3,anc4,120,D04,10
3,anc4,121,D04,10
3,anc4,122,D04,10
3,anc4,123,D04,10
3,anc4,124,D04,10
3,anc4,125,D04,10
3,anc4,126,D04,10
3,10,15,D05,34
3,10,16,D05,34
3,10,17,D05,34
3,10,18,D05,34
3,10,19,D05,34
3,10,20,D05,34
3,10,21,D05,34
3,10,36,D05,40
3,10,37,D05,40
3,10,38,D05,40
3,10,39,D05,40
3,10,40,D05,40
3,10,41,D05,40
3,10,42,D05,40
3,10,57,D05,28
3,10,58,D05,28
3,10,59,D05,28
3,10,60,D05,28
3,10,61,D05,28
3,10,62,D05,28
3,10,63,D05,28
3,10,78,D05,22
3,10,79,D05,22
3,10,80,D05,22
3,10,81,D05,22
3,10,82,D05,22
3,10,83,D05,22
3,10,84,D05,22
3,10,99,D05,16
3,10,100,D05,16
3,10,101,D05,16
3,10,102,D05,16
3,10,103,D05,16
3,10,104,D05,16
3,10,105,D05,16
3,10,120,D05,10
3,10,121,D05,10
3,10,122,D05,10
3,10,123,D05,10
3,10,124,D05,10
3,10,125,D05,10
3,10,126,D05,10
3,5,15,D06,34
3,5,16,D06,34
3,5,17,D06,34
3,5,18,D06,34
3,5,19,D06,34
3,5,20,D06,34
3,5,21,D06,34
3,5,36,D06,40
3,5,37,D06,40
3,5,38,D06,40
3,5,39,D06,40
3,5,40,D06,40
3,5,41,D06,40
3,5,42,D06,40
3,5,57,D06,28
3,5,58,D06,28
3,5,59,D06,28
3,5,60,D06,28
3,5,61,D06,28
3,5,62,D06,28
3,5,63,D06,28
3,5,78,D06,22
3,5,79,D06,22
3,5,80,D06,22
3,5,81,D06,22
3,5,82,D06,22
3,5,83,D06,22
3,5,84,D06,22
3,5,99,D06,16
3,5,100,D06,16
3,5,101,D06,16
3,5,102,D06,16
3,5,103,D06,16
3,5,104,D06,16
3,5,105,D06,16
3,5,120,D06,10
3,5,121,D06,10
3,5,122,D06,10
3,5,123,D06,10
3,5,124,D06,10
3,5,125,D06,10
3,5,126,D06,10
3,anc3,15,D07,34
3,anc3,16,D07,34
3,anc3,17,D07,34
3,anc3,18,D07,34
3,anc3,19,D07,34
3,anc3,20,D07,34
3,anc3,21,D07,34
3,anc3,36,D07,40
3,anc3,37,D07,40
3,anc3,38,D07,40
3,anc3,39,D07,40
3,anc3,40,D07,40
3,anc3,41,D07,40
3,anc3,42,D07,40
3,anc3,57,D07,28
3,anc3,58,D07,28
3,anc3,59,D07,28
3,anc3,60,D07,28
3,anc3,61,D07,28
3,anc3,62,D07,28
3,anc3,63,D07,28
3,anc3,78,D07,22
3,anc3,79,D07,22
3,anc3,80,D07,22
3,anc3,81,D07,22
3,anc3,82,D07,22
3,anc3,83,D07,22
3,anc3,84,D07,22
3,anc3,99,D07,16
3,anc3,100,D07,16
3,anc3,101,D07,16
3,anc3,102,D07,16
3,anc3,103,D07,16
3,anc3,104,D07,16
3,anc3,105,D07,16
3,anc3,120,D07,10
3,anc3,121,D07,10
3,anc3,122,D07,10
3,anc3,123,D07,10
3,anc3,124,D07,10
3,anc3,125,D07,10
3,anc3,126,D07,10
3,20,15,D08,34
3,20,16,D08,34
3,20,17,D08,34
3,20,18,D08,34
3,20,19,D08,34
3,20,20,D08,34
3,20,21,D08,34
3,20,36,D08,40
3,20,37,D08,40
3,20,38,D08,40
3,20,39,D08,40
3,20,40,D08,40
3,20,41,D08,40
3,20,42,D08,40
3,20,57,D08,28
3,20,58,D08,28
3,20,59,D08,28
3,20,60,D08,28
3,20,61,D08,28
3,20,62,D08,28
3,20,63,D08,28
3,20,78,D08,22
3,20,79,D08,22
3,20,80,D08,22
3,20,81,D08,22
3,20,82,D08,22
3,20,83,D08,22
3,20,84,D08,22
3,20,99,D08,16
3,20,100,D08,16
3,20,101,D08,16
3,20,102,D08,16
3,20,103,D08,16
3,20,104,D08,16
3,20,105,D08,16
3,20,120,D08,10
3,20,121,D08,10
3,20,122,D08,10
3,20,123,D08,10
3,20,124,D08,10
3,20,125,D08,10
3,20,126,D08,10
3,3,15,D09,34
3,3,16,D09,34
3,3,17,D09,34
3,3,18,D09,34
3,3,19,D09,34
3,3,20,D09,34
3,3,21,D09,34
3,3,36,D09,40
3,3,37,D09,40
3,3,38,D09,40
3,3,39,D09,40
3,3,40,D09,40
3,3,41,D09,40
3,3,42,D09,40
3,3,57,D09,28
3,3,58,D09,28
3,3,59,D09,28
3,3,60,D09,28
3,3,61,D09,28
3,3,62,D09,28
3,3,63,D09,28
3,3,78,D09,22
3,3,79,D09,22
3,3,80,D09,22
3,3,81,D09,22
3,3,82,D09,22
3,3,83,D09,22
3,3,84,D09,22
3,3,99,D09,16
3,3,100,D09,16
3,3,101,D09,16
3,3,102,D09,16
3,3,103,D09,16
3,3,104,D09,16
3,3,105,D09,16
3,3,120,D09,10
3,3,121,D09,10
3,3,122,D09,10
3,3,123,D09,10
3,3,124,D09,10
3,3,125,D09,10
3,3,126,D09,10
3,7,15,D10,34
3,7,16,D10,34
3,7,17,D10,34
3,7,18,D10,34
3,7,19,D10,34
3,7,20,D10,34
3,7,21,D10,34
3,7,36,D10,40
3,7,37,D10,40
3,7,38,D10,40
3,7,39,D10,40
3,7,40,D10,40
3,7,41,D10,40
3,7,42,D10,40
3,7,57,D10,28
3,7,58,D10,28
3,7,59,D10,28
3,7,60,D10,28
3,7,61,D10,28
3,7,62,D10,28
3,7,63,D10,28
3,7,78,D10,22
3,7,79,D10,22
3,7,80,D10,22
3,7,81,D10,22
3,7,82,D10,22
3,7,83,D10,22
3,7,84,D10,22
3,7,99,D10,16
3,7,100,D10,16
3,7,101,D10,16
3,7,102,D10,16
3,7,103,D10,16
3,7,104,D10,16
3,7,105,D10,16
3,7,120,D10,10
3,7,121,D10,10
3,7,122,D10,10
3,7,123,D10,10
3,7,124,D10,10
3,7,125,D10,10
3,7,126,D10,10
3,10,15,D11,34
3,10,16,D11,34
3,10,17,D11,34
3,10,18,D11,34
3,10,19,D11,34
3,10,20,D11,34
3,10,21,D11,34
3,10,36,D11,40
3,10,37,D11,40
3,10,38,D11,40
3,10,39,D11,40
3,10,40,D11,40
3,10,41,D11,40
3,10,42,D11,40
3,10,57,D11,28
3,10,58,D11,28
3,10,59,D11,28
3,10,60,D11,28
3,10,61,D11,28
3,10,62,D11,28
3,10,63,D11,28
3,10,78,D11,22
3,10,79,D11,22
3,10,80,D11,22
3,10,81,D11,22
3,10,82,D11,22
3,10,83,D11,22
3,10,84,D11,22
3,10,99,D11,16
3,10,100,D11,16
3,10,101,D11,16
3,10,102,D11,16
3,10,103,D11,16
3,10,104,D11,16
3,10,105,D11,16
3,10,120,D11,10
3,10,121,D11,10
3,10,122,D11,10
3,10,123,D11,10
3,10,124,D11,10
3,10,125,D11,10
3,10,126,D11,10
3,anc4,15,E02,34
3,anc4,16,E02,34
3,anc4,17,E02,34
3,anc4,18,E02,34
3,anc4,19,E02,34
3,anc4,20,E02,34
3,anc4,21,E02,34
3,anc4,36,E02,40
3,anc4,37,E02,40
3,anc4,38,E02,40
3,anc4,39,E02,40
3,anc4,40,E02,40
3,anc4,41,E02,40
3,anc4,42,E02,40
3,anc4,57,E02,28
3,anc4,58,E02,28
3,anc4,59,E02,28
3,anc4,60,E02,28
3,anc4,61,E02,28
3,anc4,62,E02,28
3,anc4,63,E02,28
3,anc4,78,E02,22
3,anc4,79,E02,22
3,anc4,80,E02,22
3,anc4,81,E02,22
3,anc4,82,E02,22
3,anc4,83,E02,22
3,anc4,84,E02,22
3,anc4,99,E02,16
3,anc4,100,E02,16
3,anc4,101,E02,16
3,anc4,102,E02,16
3,anc4,103,E02,16
3,anc4,104,E02,16
3,anc4,105,E02,16
3,anc4,120,E02,10
3,anc4,121,E02,10
3,anc4,122,E02,10
3,anc4,123,E02,10
3,anc4,124,E02,10
3,anc4,125,E02,10
3,anc4,126,E02,10
3,30,15,E03,34
3,30,16,E03,34
3,30,17,E03,34
3,30,18,E03,34
3,30,19,E03,34
3,30,20,E03,34
3,30,21,E03,34
3,30,36,E03,40
3,30,37,E03,40
3,30,38,E03,40
3,30,39,E03,40
3,30,40,E03,40
3,30,41,E03,40
3,30,42,E03,40
3,30,57,E03,28
3,30,58,E03,28
3,30,59,E03,28
3,30,60,E03,28
3,30,61,E03,28
3,30,62,E03,28
3,30,63,E03,28
3,30,78,E03,22
3,30,79,E03,22
3,30,80,E03,22
3,30,81,E03,22
3,30,82,E03,22
3,30,83,E03,22
3,30,84,E03,22
3,30,99,E03,16
3,30,100,E03,16
3,30,101,E03,16
3,30,102,E03,16
3,30,103,E03,16
3,30,104,E03,16
3,30,105,E03,16
3,30,120,E03,10
3,30,121,E03,10
3,30,122,E03,10
3,30,123,E03,10
3,30,124,E03,10
3,30,125,E03,10
3,30,126,E03,10
3,16,15,E04,34
3,16,16,E04,34
3,16,17,E04,34
3,16,18,E04,34
3,16,19,E04,34
3,16,20,E04,34
3,16,21,E04,34
3,16,36,E04,40
3,16,37,E04,40
3,16,38,E04,40
3,16,39,E04,40
3,16,40,E04,40
3,16,41,E04,40
3,16,42,E04,40
3,16,57,E04,28
3,16,58,E04,28
3,16,59,E04,28
3,16,60,E04,28
3,16,61,E04,28
3,16,62,E04,28
3,16,63,E04,28
3,16,78,E04,22
3,16,79,E04,22
3,16,80,E04,22
3,16,81,E04,22
3,16,82,E04,22
3,16,83,E04,22
3,16,84,E04,22
3,16,99,E04,16
3,16,100,E04,16
3,16,101,E04,16
3,16,102,E04,16
3,16,103,E04,16
3,16,104,E04,16
3,16,105,E04,16
3,16,120,E04,10
3,16,121,E04,10
3,16,122,E04,10
3,16,123,E04,10
3,16,124,E04,10
3,16,125,E04,10
3,16,126,E04,10
3,cc1690,15,E05,34
3,cc1690,16,E05,34
3,cc1690,17,E05,34
3,cc1690,18,E05,34
3,cc1690,19,E05,34
3,cc1690,20,E05,34
3,cc1690,21,E05,34
3,cc1690,36,E05,40
3,cc1690,37,E05,40
3,cc1690,38,E05,40
3,cc1690,39,E05,40
3,cc1690,40,E05,40
3,cc1690,41,E05,40
3,cc1690,42,E05,40
3,cc1690,57,E05,28
3,cc1690,58,E05,28
3,cc1690,59,E05,28
3,cc1690,60,E05,28
3,cc1690,61,E05,28
3,cc1690,62,E05,28
3,cc1690,63,E05,28
3,cc1690,78,E05,22
3,cc1690,79,E05,22
3,cc1690,80,E05,22
3,cc1690,81,E05,22
3,cc1690,82,E05,22
3,cc1690,83,E05,22
3,cc1690,84,E05,22
3,cc1690,99,E05,16
3,cc1690,100,E05,16
3,cc1690,101,E05,16
3,cc1690,102,E05,16
3,cc1690,103,E05,16
3,cc1690,104,E05,16
3,cc1690,105,E05,16
3,cc1690,120,E05,10
3,cc1690,121,E05,10
3,cc1690,122,E05,10
3,cc1690,123,E05,10
3,cc1690,124,E05,10
3,cc1690,125,E05,10
3,cc1690,126,E05,10
3,29,15,E06,34
3,29,16,E06,34
3,29,17,E06,34
3,29,18,E06,34
3,29,19,E06,34
3,29,20,E06,34
3,29,21,E06,34
3,29,36,E06,40
3,29,37,E06,40
3,29,38,E06,40
3,29,39,E06,40
3,29,40,E06,40
3,29,41,E06,40
3,29,42,E06,40
3,29,57,E06,28
3,29,58,E06,28
3,29,59,E06,28
3,29,60,E06,28
3,29,61,E06,28
3,29,62,E06,28
3,29,63,E06,28
3,29,78,E06,22
3,29,79,E06,22
3,29,80,E06,22
3,29,81,E06,22
3,29,82,E06,22
3,29,83,E06,22
3,29,84,E06,22
3,29,99,E06,16
3,29,100,E06,16
3,29,101,E06,16
3,29,102,E06,16
3,29,103,E06,16
3,29,104,E06,16
3,29,105,E06,16
3,29,120,E06,10
3,29,121,E06,10
3,29,122,E06,10
3,29,123,E06,10
3,29,124,E06,10
3,29,125,E06,10
3,29,126,E06,10
3,15,15,E07,34
3,15,16,E07,34
3,15,17,E07,34
3,15,18,E07,34
3,15,19,E07,34
3,15,20,E07,34
3,15,21,E07,34
3,15,36,E07,40
3,15,37,E07,40
3,15,38,E07,40
3,15,39,E07,40
3,15,40,E07,40
3,15,41,E07,40
3,15,42,E07,40
3,15,57,E07,28
3,15,58,E07,28
3,15,59,E07,28
3,15,60,E07,28
3,15,61,E07,28
3,15,62,E07,28
3,15,63,E07,28
3,15,78,E07,22
3,15,79,E07,22
3,15,80,E07,22
3,15,81,E07,22
3,15,82,E07,22
3,15,83,E07,22
3,15,84,E07,22
3,15,99,E07,16
3,15,100,E07,16
3,15,101,E07,16
3,15,102,E07,16
3,15,103,E07,16
3,15,104,E07,16
3,15,105,E07,16
3,15,120,E07,10
3,15,121,E07,10
3,15,122,E07,10
3,15,123,E07,10
3,15,124,E07,10
3,15,125,E07,10
3,15,126,E07,10
3,30,15,E08,34
3,30,16,E08,34
3,30,17,E08,34
3,30,18,E08,34
3,30,19,E08,34
3,30,20,E08,34
3,30,21,E08,34
3,30,36,E08,40
3,30,37,E08,40
3,30,38,E08,40
3,30,39,E08,40
3,30,40,E08,40
3,30,41,E08,40
3,30,42,E08,40
3,30,57,E08,28
3,30,58,E08,28
3,30,59,E08,28
3,30,60,E08,28
3,30,61,E08,28
3,30,62,E08,28
3,30,63,E08,28
3,30,78,E08,22
3,30,79,E08,22
3,30,80,E08,22
3,30,81,E08,22
3,30,82,E08,22
3,30,83,E08,22
3,30,84,E08,22
3,30,99,E08,16
3,30,100,E08,16
3,30,101,E08,16
3,30,102,E08,16
3,30,103,E08,16
3,30,104,E08,16
3,30,105,E08,16
3,30,120,E08,10
3,30,121,E08,10
3,30,122,E08,10
3,30,123,E08,10
3,30,124,E08,10
3,30,125,E08,10
3,30,126,E08,10
3,20,15,E09,34
3,20,16,E09,34
3,20,17,E09,34
3,20,18,E09,34
3,20,19,E09,34
3,20,20,E09,34
3,20,21,E09,34
3,20,36,E09,40
3,20,37,E09,40
3,20,38,E09,40
3,20,39,E09,40
3,20,40,E09,40
3,20,41,E09,40
3,20,42,E09,40
3,20,57,E09,28
3,20,58,E09,28
3,20,59,E09,28
3,20,60,E09,28
3,20,61,E09,28
3,20,62,E09,28
3,20,63,E09,28
3,20,78,E09,22
3,20,79,E09,22
3,20,80,E09,22
3,20,81,E09,22
3,20,82,E09,22
3,20,83,E09,22
3,20,84,E09,22
3,20,99,E09,16
3,20,100,E09,16
3,20,101,E09,16
3,20,102,E09,16
3,20,103,E09,16
3,20,104,E09,16
3,20,105,E09,16
3,20,120,E09,10
3,20,121,E09,10
3,20,122,E09,10
3,20,123,E09,10
3,20,124,E09,10
3,20,125,E09,10
3,20,126,E09,10
3,5,15,E10,34
3,5,16,E10,34
3,5,17,E10,34
3,5,18,E10,34
3,5,19,E10,34
3,5,20,E10,34
3,5,21,E10,34
3,5,36,E10,40
3,5,37,E10,40
3,5,38,E10,40
3,5,39,E10,40
3,5,40,E10,40
3,5,41,E10,40
3,5,42,E10,40
3,5,57,E10,28
3,5,58,E10,28
3,5,59,E10,28
3,5,60,E10,28
3,5,61,E10,28
3,5,62,E10,28
3,5,63,E10,28
3,5,78,E10,22
3,5,79,E10,22
3,5,80,E10,22
3,5,81,E10,22
3,5,82,E10,22
3,5,83,E10,22
3,5,84,E10,22
3,5,99,E10,16
3,5,100,E10,16
3,5,101,E10,16
3,5,102,E10,16
3,5,103,E10,16
3,5,104,E10,16
3,5,105,E10,16
3,5,120,E10,10
3,5,121,E10,10
3,5,122,E10,10
3,5,123,E10,10
3,5,124,E10,10
3,5,125,E10,10
3,5,126,E10,10
3,16,15,E11,34
3,16,16,E11,34
3,16,17,E11,34
3,16,18,E11,34
3,16,19,E11,34
3,16,20,E11,34
3,16,21,E11,34
3,16,36,E11,40
3,16,37,E11,40
3,16,38,E11,40
3,16,39,E11,40
3,16,40,E11,40
3,16,41,E11,40
3,16,42,E11,40
3,16,57,E11,28
3,16,58,E11,28
3,16,59,E11,28
3,16,60,E11,28
3,16,61,E11,28
3,16,62,E11,28
3,16,63,E11,28
3,16,78,E11,22
3,16,79,E11,22
3,16,80,E11,22
3,16,81,E11,22
3,16,82,E11,22
3,16,83,E11,22
3,16,84,E11,22
3,16,99,E11,16
3,16,100,E11,16
3,16,101,E11,16
3,16,102,E11,16
3,16,103,E11,16
3,16,104,E11,16
3,16,105,E11,16
3,16,120,E11,10
3,16,121,E11,10
3,16,122,E11,10
3,16,123,E11,10
3,16,124,E11,10
3,16,125,E11,10
3,16,126,E11,10
3,15,15,F02,34
3,15,16,F02,34
3,15,17,F02,34
3,15,18,F02,34
3,15,19,F02,34
3,15,20,F02,34
3,15,21,F02,34
3,15,36,F02,40
3,15,37,F02,40
3,15,38,F02,40
3,15,39,F02,40
3,15,40,F02,40
3,15,41,F02,40
3,15,42,F02,40
3,15,57,F02,28
3,15,58,F02,28
3,15,59,F02,28
3,15,60,F02,28
3,15,61,F02,28
3,15,62,F02,28
3,15,63,F02,28
3,15,78,F02,22
3,15,79,F02,22
3,15,80,F02,22
3,15,81,F02,22
3,15,82,F02,22
3,15,83,F02,22
3,15,84,F02,22
3,15,99,F02,16
3,15,100,F02,16
3,15,101,F02,16
3,15,102,F02,16
3,15,103,F02,16
3,15,104,F02,16
3,15,105,F02,16
3,15,120,F02,10
3,15,121,F02,10
3,15,122,F02,10
3,15,123,F02,10
3,15,124,F02,10
3,15,125,F02,10
3,15,126,F02,10
3,7,15,F03,34
3,7,16,F03,34
3,7,17,F03,34
3,7,18,F03,34
3,7,19,F03,34
3,7,20,F03,34
3,7,21,F03,34
3,7,36,F03,40
3,7,37,F03,40
3,7,38,F03,40
3,7,39,F03,40
3,7,40,F03,40
3,7,41,F03,40
3,7,42,F03,40
3,7,57,F03,28
3,7,58,F03,28
3,7,59,F03,28
3,7,60,F03,28
3,7,61,F03,28
3,7,62,F03,28
3,7,63,F03,28
3,7,78,F03,22
3,7,79,F03,22
3,7,80,F03,22
3,7,81,F03,22
3,7,82,F03,22
3,7,83,F03,22
3,7,84,F03,22
3,7,99,F03,16
3,7,100,F03,16
3,7,101,F03,16
3,7,102,F03,16
3,7,103,F03,16
3,7,104,F03,16
3,7,105,F03,16
3,7,120,F03,10
3,7,121,F03,10
3,7,122,F03,10
3,7,123,F03,10
3,7,124,F03,10
3,7,125,F03,10
3,7,126,F03,10
3,29,15,F04,34
3,29,16,F04,34
3,29,17,F04,34
3,29,18,F04,34
3,29,19,F04,34
3,29,20,F04,34
3,29,21,F04,34
3,29,36,F04,40
3,29,37,F04,40
3,29,38,F04,40
3,29,39,F04,40
3,29,40,F04,40
3,29,41,F04,40
3,29,42,F04,40
3,29,57,F04,28
3,29,58,F04,28
3,29,59,F04,28
3,29,60,F04,28
3,29,61,F04,28
3,29,62,F04,28
3,29,63,F04,28
3,29,78,F04,22
3,29,79,F04,22
3,29,80,F04,22
3,29,81,F04,22
3,29,82,F04,22
3,29,83,F04,22
3,29,84,F04,22
3,29,99,F04,16
3,29,100,F04,16
3,29,101,F04,16
3,29,102,F04,16
3,29,103,F04,16
3,29,104,F04,16
3,29,105,F04,16
3,29,120,F04,10
3,29,121,F04,10
3,29,122,F04,10
3,29,123,F04,10
3,29,124,F04,10
3,29,125,F04,10
3,29,126,F04,10
3,anc3,15,F05,34
3,anc3,16,F05,34
3,anc3,17,F05,34
3,anc3,18,F05,34
3,anc3,19,F05,34
3,anc3,20,F05,34
3,anc3,21,F05,34
3,anc3,36,F05,40
3,anc3,37,F05,40
3,anc3,38,F05,40
3,anc3,39,F05,40
3,anc3,40,F05,40
3,anc3,41,F05,40
3,anc3,42,F05,40
3,anc3,57,F05,28
3,anc3,58,F05,28
3,anc3,59,F05,28
3,anc3,60,F05,28
3,anc3,61,F05,28
3,anc3,62,F05,28
3,anc3,63,F05,28
3,anc3,78,F05,22
3,anc3,79,F05,22
3,anc3,80,F05,22
3,anc3,81,F05,22
3,anc3,82,F05,22
3,anc3,83,F05,22
3,anc3,84,F05,22
3,anc3,99,F05,16
3,anc3,100,F05,16
3,anc3,101,F05,16
3,anc3,102,F05,16
3,anc3,103,F05,16
3,anc3,104,F05,16
3,anc3,105,F05,16
3,anc3,120,F05,10
3,anc3,121,F05,10
3,anc3,122,F05,10
3,anc3,123,F05,10
3,anc3,124,F05,10
3,anc3,125,F05,10
3,anc3,126,F05,10
3,anc4,15,F06,34
3,anc4,16,F06,34
3,anc4,17,F06,34
3,anc4,18,F06,34
3,anc4,19,F06,34
3,anc4,20,F06,34
3,anc4,21,F06,34
3,anc4,36,F06,40
3,anc4,37,F06,40
3,anc4,38,F06,40
3,anc4,39,F06,40
3,anc4,40,F06,40
3,anc4,41,F06,40
3,anc4,42,F06,40
3,anc4,57,F06,28
3,anc4,58,F06,28
3,anc4,59,F06,28
3,anc4,60,F06,28
3,anc4,61,F06,28
3,anc4,62,F06,28
3,anc4,63,F06,28
3,anc4,78,F06,22
3,anc4,79,F06,22
3,anc4,80,F06,22
3,anc4,81,F06,22
3,anc4,82,F06,22
3,anc4,83,F06,22
3,anc4,84,F06,22
3,anc4,99,F06,16
3,anc4,100,F06,16
3,anc4,101,F06,16
3,anc4,102,F06,16
3,anc4,103,F06,16
3,anc4,104,F06,16
3,anc4,105,F06,16
3,anc4,120,F06,10
3,anc4,121,F06,10
3,anc4,122,F06,10
3,anc4,123,F06,10
3,anc4,124,F06,10
3,anc4,125,F06,10
3,anc4,126,F06,10
3,cc1690,15,F07,34
3,cc1690,16,F07,34
3,cc1690,17,F07,34
3,cc1690,18,F07,34
3,cc1690,19,F07,34
3,cc1690,20,F07,34
3,cc1690,21,F07,34
3,cc1690,36,F07,40
3,cc1690,37,F07,40
3,cc1690,38,F07,40
3,cc1690,39,F07,40
3,cc1690,40,F07,40
3,cc1690,41,F07,40
3,cc1690,42,F07,40
3,cc1690,57,F07,28
3,cc1690,58,F07,28
3,cc1690,59,F07,28
3,cc1690,60,F07,28
3,cc1690,61,F07,28
3,cc1690,62,F07,28
3,cc1690,63,F07,28
3,cc1690,78,F07,22
3,cc1690,79,F07,22
3,cc1690,80,F07,22
3,cc1690,81,F07,22
3,cc1690,82,F07,22
3,cc1690,83,F07,22
3,cc1690,84,F07,22
3,cc1690,99,F07,16
3,cc1690,100,F07,16
3,cc1690,101,F07,16
3,cc1690,102,F07,16
3,cc1690,103,F07,16
3,cc1690,104,F07,16
3,cc1690,105,F07,16
3,cc1690,120,F07,10
3,cc1690,121,F07,10
3,cc1690,122,F07,10
3,cc1690,123,F07,10
3,cc1690,124,F07,10
3,cc1690,125,F07,10
3,cc1690,126,F07,10
3,10,15,F08,34
3,10,16,F08,34
3,10,17,F08,34
3,10,18,F08,34
3,10,19,F08,34
3,10,20,F08,34
3,10,21,F08,34
3,10,36,F08,40
3,10,37,F08,40
3,10,38,F08,40
3,10,39,F08,40
3,10,40,F08,40
3,10,41,F08,40
3,10,42,F08,40
3,10,57,F08,28
3,10,58,F08,28
3,10,59,F08,28
3,10,60,F08,28
3,10,61,F08,28
3,10,62,F08,28
3,10,63,F08,28
3,10,78,F08,22
3,10,79,F08,22
3,10,80,F08,22
3,10,81,F08,22
3,10,82,F08,22
3,10,83,F08,22
3,10,84,F08,22
3,10,99,F08,16
3,10,100,F08,16
3,10,101,F08,16
3,10,102,F08,16
3,10,103,F08,16
3,10,104,F08,16
3,10,105,F08,16
3,10,120,F08,10
3,10,121,F08,10
3,10,122,F08,10
3,10,123,F08,10
3,10,124,F08,10
3,10,125,F08,10
3,10,126,F08,10
3,3,15,F09,34
3,3,16,F09,34
3,3,17,F09,34
3,3,18,F09,34
3,3,19,F09,34
3,3,20,F09,34
3,3,21,F09,34
3,3,36,F09,40
3,3,37,F09,40
3,3,38,F09,40
3,3,39,F09,40
3,3,40,F09,40
3,3,41,F09,40
3,3,42,F09,40
3,3,57,F09,28
3,3,58,F09,28
3,3,59,F09,28
3,3,60,F09,28
3,3,61,F09,28
3,3,62,F09,28
3,3,63,F09,28
3,3,78,F09,22
3,3,79,F09,22
3,3,80,F09,22
3,3,81,F09,22
3,3,82,F09,22
3,3,83,F09,22
3,3,84,F09,22
3,3,99,F09,16
3,3,100,F09,16
3,3,101,F09,16
3,3,102,F09,16
3,3,103,F09,16
3,3,104,F09,16
3,3,105,F09,16
3,3,120,F09,10
3,3,121,F09,10
3,3,122,F09,10
3,3,123,F09,10
3,3,124,F09,10
3,3,125,F09,10
3,3,126,F09,10
